_id,nome,descricao,categorias[0],categorias[1],categorias[2],faixa_preco,endereco.rua,endereco.numero,endereco.bairro,endereco.cidade,endereco.estado,endereco.cep,endereco.coordenadas[0],endereco.coordenadas[1],contato.telefone,contato.email,contato.site,horario_funcionamento[0].dia,horario_funcionamento[1].dia,horario_funcionamento[2].dia,horario_funcionamento[3].dia,horario_funcionamento[4].dia,horario_funcionamento[5].dia,horario_funcionamento[6].dia,horario_funcionamento[0].abertura,horario_funcionamento[1].abertura,horario_funcionamento[2].abertura,horario_funcionamento[3].abertura,horario_funcionamento[4].abertura,horario_funcionamento[5].abertura,horario_funcionamento[6].abertura,horario_funcionamento[0].fechamento,horario_funcionamento[1].fechamento,horario_funcionamento[2].fechamento,horario_funcionamento[3].fechamento,horario_funcionamento[4].fechamento,horario_funcionamento[5].fechamento,horario_funcionamento[6].fechamento,horario_funcionamento[0].fechado,horario_funcionamento[1].fechado,horario_funcionamento[2].fechado,horario_funcionamento[3].fechado,horario_funcionamento[4].fechado,horario_funcionamento[5].fechado,horario_funcionamento[6].fechado,fotos[0],fotos[1],avaliacao_media,total_avaliacoes,tempo_entrega_estimado.minimo,tempo_entrega_estimado.maximo,taxa_entrega,proprietario_id,data_cadastro,ultima_atualizacao,status,destaque
683d8d05c709d34c0311e479,Mueller - O'Keefe Bistrô,Arceo desino capitulus.,Indiana,Vegetariana,,$$,Main Street S,76744,Warwickshire,South Taurean,AR,63662-859,88.3381,15.9805,1-476-734-4474 x66253,mallie_crona@gmail.com,https://portly-cleaner.name/,segunda,terça,quarta,quinta,sexta,sábado,domingo,11:30,11:30,11:30,11:30,11:30,12:00,12:00,22:00,22:00,22:00,23:00,23:30,23:30,21:00,false,false,false,false,false,false,false,https://loremflickr.com/2655/1842/food?lock=134842761606481,https://loremflickr.com/3220/1318/restaurant?lock=339611430762648,2.8801620683191205,535,26,61,8.84049318476563,683d8d05c709d34c0311e2d1,2024-10-25T13:19:51.527Z,2025-03-30T04:11:34.308Z,ativo,false
683d8d05c709d34c0311e47e,O'Hara and Sons Cantina,Derideo deprecator denuo terminatio iste curvo.,Italiana,Árabe,,$$$$,W 6th Street,996,Hertfordshire,East Orange,NC,91340-364,-71.0871,59.6146,489-429-8223 x188,penelope_kuphal@gmail.com,https://critical-shipper.biz,segunda,terça,quarta,quinta,sexta,sábado,domingo,11:30,11:30,11:30,11:30,11:30,12:00,12:00,22:00,22:00,22:00,23:00,23:30,23:30,21:00,false,false,false,false,false,false,false,https://loremflickr.com/1062/296/food?lock=837389659828377,https://loremflickr.com/1052/3970/restaurant?lock=1222366282462745,3.1758287353970975,85,40,57,7.5470546697957905,683d8d05c709d34c0311e448,2023-09-18T12:05:36.273Z,2025-02-21T10:55:39.010Z,ativo,true
683d8d05c709d34c0311e47f,"Borer, Wiza and Hahn Bistrô",Ager villa collum vitiosus.,Pizzaria,,,$$,The Limes,57343,Adams County,Cliftonfort,HI,74131-692,2.8492,-7.6865,723.280.2759 x16638,flossie_davis15@yahoo.com,https://glaring-lace.info/,segunda,terça,quarta,quinta,sexta,sábado,domingo,11:30,11:30,11:30,11:30,11:30,12:00,12:00,22:00,22:00,22:00,23:00,23:30,23:30,21:00,false,false,false,false,false,false,false,https://loremflickr.com/2804/1494/food?lock=6860647562643254,https://loremflickr.com/2289/2232/restaurant?lock=3368098200298302,3.4184903786085763,136,21,54,2.4423319269161405,683d8d05c709d34c0311e3af,2024-09-26T15:40:14.561Z,2025-02-15T14:04:34.355Z,ativo,false
683d8d05c709d34c0311e485,Lemke - Medhurst Cantina,Tumultus tutamen ante error vociferor turbo voro soluta acies constans.,Italiana,Mexicana,Vegetariana,$$,Deckow Village,849,Staffordshire,Guiseppeboro,ID,86352-069,-0.3266,33.8275,1-769-615-7207,elisabeth.rowe@yahoo.com,https://heartfelt-version.biz,segunda,terça,quarta,quinta,sexta,sábado,domingo,11:30,11:30,11:30,11:30,11:30,12:00,12:00,22:00,22:00,22:00,23:00,23:30,23:30,21:00,false,false,false,false,false,false,true,https://loremflickr.com/3495/2568/food?lock=5337671396235906,https://loremflickr.com/2199/1688/restaurant?lock=3586901502457210,2.8419107756107778,545,20,68,9.417447024269801,683d8d05c709d34c0311e313,2024-12-11T11:24:40.005Z,2025-04-14T08:34:58.485Z,ativo,true
683d8d05c709d34c0311e489,Huels - Schowalter Bistrô,Vulnero statua degusto virga ustulo virgo deserunt amicitia adeo.,Árabe,Chinesa,,$$,Columbia Avenue,783,Dyfed,New Herminiaburgh,VT,06716-893,-39.6237,56.0416,(370) 393-4149 x803,freddie_quitzon13@gmail.com,https://long-term-nougat.org/,segunda,terça,quarta,quinta,sexta,sábado,domingo,11:30,11:30,11:30,11:30,11:30,12:00,12:00,22:00,22:00,22:00,23:00,23:30,23:30,21:00,true,false,false,false,false,false,true,https://loremflickr.com/574/3859/food?lock=8096993449465844,https://loremflickr.com/1098/1103/restaurant?lock=432200531795153,4.1794557681888245,883,36,56,13.221759740347467,683d8d05c709d34c0311e401,2022-08-05T06:04:10.535Z,2024-12-08T13:50:42.269Z,ativo,false
683d8d05c709d34c0311e48a,Stoltenberg Inc Grill,Arx ante ulciscor.,Pizzaria,,,$$$$,High Road,508,Lothian,Gavinhaven,MN,86080-915,-56.1921,71.5602,899.352.0961 x688,marc.mosciski93@yahoo.com,https://dutiful-overcoat.biz,segunda,terça,quarta,quinta,sexta,sábado,domingo,11:30,11:30,11:30,11:30,11:30,12:00,12:00,22:00,22:00,22:00,23:00,23:30,23:30,21:00,false,false,false,false,false,false,true,https://loremflickr.com/1102/3050/food?lock=8285615882584392,https://loremflickr.com/3470/3019/restaurant?lock=1764798974961686,2.8504068413810133,930,32,53,9.688376204517908,683d8d05c709d34c0311e471,2024-11-24T20:32:36.965Z,2025-02-23T12:02:28.132Z,ativo,false
683d8d05c709d34c0311e48b,"Rath, Dare and Ferry Sushi Bar",Dedecor uredo attollo.,Brasileira,,,$$,O'Hara Key,15625,Johnson County,East Rowenafield,AK,37402-130,-131.4028,44.1659,(498) 913-3594 x666,zoey.boyer@hotmail.com,https://tender-sport.biz/,segunda,terça,quarta,quinta,sexta,sábado,domingo,11:30,11:30,11:30,11:30,11:30,12:00,12:00,22:00,22:00,22:00,23:00,23:30,23:30,21:00,false,false,false,false,false,false,false,https://loremflickr.com/2434/3256/food?lock=6276566785258105,https://loremflickr.com/3984/865/restaurant?lock=2690390907555600,2.661314300425011,270,38,57,8.610612324492386,683d8d05c709d34c0311e328,2025-02-05T07:53:06.035Z,2025-04-25T01:30:20.443Z,ativo,false
683d8d05c709d34c0311e490,Hodkiewicz - Schoen Restaurante,Arca constans compello.,Mexicana,,,$$$,Poplar Avenue,93143,Lake County,Clevelandcester,CO,10785-200,-79.2583,-6.1099,377.338.9363,stevie_langworth47@hotmail.com,https://uneven-larva.net,segunda,terça,quarta,quinta,sexta,sábado,domingo,11:30,11:30,11:30,11:30,11:30,12:00,12:00,22:00,22:00,22:00,23:00,23:30,23:30,21:00,false,false,false,false,false,false,false,https://loremflickr.com/755/1551/food?lock=1270422309603768,https://loremflickr.com/2761/921/restaurant?lock=8546716433597631,4.082616949540172,630,21,53,6.410300530464545,683d8d05c709d34c0311e38c,2024-01-01T01:00:08.147Z,2025-02-05T09:05:47.204Z,ativo,false
683d8d05c709d34c0311e493,"Hegmann, Kshlerin and Friesen Restaurante",Cito tristis vulnus curvo autus sustineo peior.,Italiana,,,$$$,Garnett Dam,39545,Tayside,Fort Allystad,AZ,28942-547,-179.8744,10.711,594.649.8115 x7972,abigayle_hayes43@hotmail.com,https://sizzling-travel.com,segunda,terça,quarta,quinta,sexta,sábado,domingo,11:30,11:30,11:30,11:30,11:30,12:00,12:00,22:00,22:00,22:00,23:00,23:30,23:30,21:00,false,false,false,false,false,false,true,https://loremflickr.com/3198/3315/food?lock=956467385792090,https://loremflickr.com/1394/161/restaurant?lock=4918394734209151,3.6239157404044984,840,30,59,0.7713441263685861,683d8d05c709d34c0311e3a0,2024-02-09T11:41:42.760Z,2025-04-24T14:29:28.308Z,inativo,true
683d8d05c709d34c0311e495,Gerhold and Sons Sushi Bar,Averto volo bos.,Chinesa,,,$$$,Hand Drive,305,Leicestershire,Lafayette,MN,13478-507,25.8741,76.0196,1-292-891-1231 x3143,alicia50@gmail.com,https://athletic-outset.com/,segunda,terça,quarta,quinta,sexta,sábado,domingo,11:30,11:30,11:30,11:30,11:30,12:00,12:00,22:00,22:00,22:00,23:00,23:30,23:30,21:00,false,false,false,false,false,false,true,https://loremflickr.com/2270/3765/food?lock=2265093564812721,https://loremflickr.com/3132/994/restaurant?lock=8388943653163947,4.143565761839028,403,35,51,12.943813336185626,683d8d05c709d34c0311e416,2022-07-06T05:36:52.175Z,2025-05-21T23:16:38.155Z,ativo,false
683d8d05c709d34c0311e497,McKenzie LLC Cantina,Cum candidus cibo eos atque cuius vinco pax sponte.,Hamburgueria,Vegetariana,,$$$,Cody Way,80023,Hancock County,Runolfsdottirfield,NE,75680-511,-163.0762,8.4506,581.913.6333 x936,isabel.stamm@gmail.com,https://failing-tenement.name,segunda,terça,quarta,quinta,sexta,sábado,domingo,11:30,11:30,11:30,11:30,11:30,12:00,12:00,22:00,22:00,22:00,23:00,23:30,23:30,21:00,false,false,false,false,false,false,false,https://loremflickr.com/2031/1153/food?lock=2183794606738151,https://loremflickr.com/559/279/restaurant?lock=6415032994167150,3.480837049539806,197,24,48,1.7109589277747155,683d8d05c709d34c0311e31c,2025-02-08T03:58:39.720Z,2025-05-18T17:12:58.229Z,ativo,false
683d8d05c709d34c0311e4a2,"Crooks, Bergnaum and Bednar Cantina",Versus sustineo bibo confero odit terror ars vacuus conturbo.,Japonesa,Indiana,Mexicana,$$$,Oberbrunner Stravenue,79118,Greater Manchester,Fletcherland,MT,28867-130,-83.0726,-16.8234,208-759-7047 x966,zoe72@yahoo.com,https://earnest-deployment.info/,segunda,terça,quarta,quinta,sexta,sábado,domingo,11:30,11:30,11:30,11:30,11:30,12:00,12:00,22:00,22:00,22:00,23:00,23:30,23:30,21:00,false,false,false,false,false,false,true,https://loremflickr.com/1105/758/food?lock=7760172410787062,https://loremflickr.com/1641/3907/restaurant?lock=1409999120213754,4.23866829446152,80,34,62,2.8216408101054813,683d8d05c709d34c0311e378,2023-03-23T15:23:57.998Z,2025-05-07T07:39:39.068Z,ativo,false
683d8d05c709d34c0311e4a4,Welch LLC Sushi Bar,Voco debitis tollo decet adfectus corrigo caelum.,Japonesa,Brasileira,,$$,Yundt Forks,93980,Lancashire,South Jake,GA,67092-295,80.6232,-56.7847,901-581-3679 x54797,otto_huels85@hotmail.com,https://steel-hospitalization.info/,segunda,terça,quarta,quinta,sexta,sábado,domingo,11:30,11:30,11:30,11:30,11:30,12:00,12:00,22:00,22:00,22:00,23:00,23:30,23:30,21:00,false,false,false,false,false,false,false,https://loremflickr.com/2921/1132/food?lock=2934205387148008,https://loremflickr.com/3423/1881/restaurant?lock=7577601279731651,4.046327225610309,829,28,69,9.82101550159991,683d8d05c709d34c0311e46a,2023-02-10T04:38:13.618Z,2025-02-14T08:38:13.751Z,ativo,false
683d8d05c709d34c0311e4a7,"Kertzmann, Rippin and Mohr Grill",Turba sopor expedita molestiae adiuvo aiunt crastinus tot vobis capitulus.,Japonesa,Italiana,,$$$$,Gleichner Tunnel,479,Oxfordshire,Sauerborough,CA,44054-334,64.2931,35.6602,824.419.9363 x995,linda_little37@yahoo.com,https://informal-tool.biz/,segunda,terça,quarta,quinta,sexta,sábado,domingo,11:30,11:30,11:30,11:30,11:30,12:00,12:00,22:00,22:00,22:00,23:00,23:30,23:30,21:00,true,false,false,false,false,false,false,https://loremflickr.com/749/645/food?lock=6498367219184144,https://loremflickr.com/3951/2286/restaurant?lock=3121875586463240,2.926958623587991,15,26,68,0.42906055797380493,683d8d05c709d34c0311e337,2024-11-06T17:20:23.527Z,2025-05-20T09:58:58.549Z,ativo,true
683d8d05c709d34c0311e478,"Dicki, Keebler and Dietrich Cantina",Theatrum amaritudo voveo copiose quos dicta contego allatus aeneus earum.,Mexicana,,,$$$$,Hoppe River,7401,Crawford County,Ravenstead,NE,78154-169,-21.535,-86.2459,(442) 444-6735,minerva.stroman@hotmail.com,https://well-documented-cinder.biz/,segunda,terça,quarta,quinta,sexta,sábado,domingo,11:30,11:30,11:30,11:30,11:30,12:00,12:00,22:00,22:00,22:00,23:00,23:30,23:30,21:00,false,false,false,false,false,false,false,https://loremflickr.com/1164/2027/food?lock=2363820340299520,https://loremflickr.com/2085/2304/restaurant?lock=7140284234504849,4.12183334424407,889,28,54,7.3382139098547725,683d8d05c709d34c0311e31a,2022-12-06T16:00:40.896Z,2025-04-21T22:34:25.419Z,ativo,false
683d8d05c709d34c0311e47b,"Johnston, Schmidt and Corkery Sushi Bar",Accusator amicitia textilis.,Mexicana,Vegetariana,Hamburgueria,$$$,Heath Road,805,Kent,Jeanport,CO,93144-440,63.2737,-58.1208,843-640-1252 x8615,moses87@gmail.com,https://plump-waterspout.com/,segunda,terça,quarta,quinta,sexta,sábado,domingo,11:30,11:30,11:30,11:30,11:30,12:00,12:00,22:00,22:00,22:00,23:00,23:30,23:30,21:00,false,false,false,false,false,false,false,https://loremflickr.com/215/241/food?lock=7318803145564117,https://loremflickr.com/1410/3583/restaurant?lock=6398741089199416,2.9599898664377853,431,24,67,1.7325038278777454,683d8d05c709d34c0311e2d8,2024-12-03T23:05:55.861Z,2025-03-16T02:36:41.031Z,inativo,false
683d8d05c709d34c0311e47d,Greenfelder and Sons Bistrô,Ventosus tabernus cena incidunt incidunt.,Hamburgueria,,,$,Nightingale Close,4342,Durham,Chesterfield,WV,35517-027,74.9046,-68.9841,596-457-8166 x8555,monica10@hotmail.com,https://enchanting-remark.info/,segunda,terça,quarta,quinta,sexta,sábado,domingo,11:30,11:30,11:30,11:30,11:30,12:00,12:00,22:00,22:00,22:00,23:00,23:30,23:30,21:00,false,false,false,false,false,false,false,https://loremflickr.com/866/2185/food?lock=1475744507076908,https://loremflickr.com/1852/3621/restaurant?lock=5589658221079728,3.7661513953744543,533,32,69,14.290290297134117,683d8d05c709d34c0311e291,2024-02-04T19:05:44.994Z,2025-01-24T18:30:56.906Z,ativo,false
683d8d05c709d34c0311e483,Jast and Sons Bistrô,Creptio solum trado comparo sed spes tepesco adamo demoror aeternus.,Árabe,,,$$$,Cemetery Road,451,Cleveland,South Chadcester,NY,07264-895,133.3626,-48.7023,(565) 377-8315 x876,lizeth_hartmann40@yahoo.com,https://peaceful-lashes.name,segunda,terça,quarta,quinta,sexta,sábado,domingo,11:30,11:30,11:30,11:30,11:30,12:00,12:00,22:00,22:00,22:00,23:00,23:30,23:30,21:00,false,false,false,false,false,false,false,https://loremflickr.com/3389/529/food?lock=3449887670967611,https://loremflickr.com/109/1467/restaurant?lock=290278905966246,4.856199598394838,274,23,51,6.084784027757006,683d8d05c709d34c0311e392,2024-01-08T23:21:00.383Z,2025-04-11T05:50:59.242Z,ativo,false
683d8d05c709d34c0311e484,"Toy, Bogisich and Homenick Cantina",Absconditus conventus demens crinis atrox adfero stipes venio conculco.,Chinesa,,,$$$,Woodside Road,472,Greater Manchester,Coachella,NE,81306-872,14.5426,-53.4741,(705) 521-8905,dora_rau87@yahoo.com,https://shiny-celsius.net/,segunda,terça,quarta,quinta,sexta,sábado,domingo,11:30,11:30,11:30,11:30,11:30,12:00,12:00,22:00,22:00,22:00,23:00,23:30,23:30,21:00,false,false,false,false,false,false,false,https://loremflickr.com/1106/2768/food?lock=6211497659257624,https://loremflickr.com/1907/2766/restaurant?lock=5128527565906577,2.6190870948737652,66,20,66,13.801102766234736,683d8d05c709d34c0311e3b4,2022-06-09T23:45:34.451Z,2024-12-14T10:45:54.550Z,ativo,false
683d8d05c709d34c0311e48c,Wisoky Inc Cantina,Abundans voluptas arceo ademptio umquam attero temeritas delibero adinventitias.,Pizzaria,Hamburgueria,,$,The Meadows,477,Buckinghamshire,Port Liza,MS,77684-510,-103.9406,-24.9103,251-221-6287 x0880,glenna.lueilwitz79@yahoo.com,https://adolescent-ectoderm.com,segunda,terça,quarta,quinta,sexta,sábado,domingo,11:30,11:30,11:30,11:30,11:30,12:00,12:00,22:00,22:00,22:00,23:00,23:30,23:30,21:00,false,false,false,false,false,false,false,https://loremflickr.com/1036/2164/food?lock=1548542989174321,https://loremflickr.com/2929/373/restaurant?lock=2568578405592135,4.810155638042071,543,29,55,14.83558425214975,683d8d05c709d34c0311e33b,2024-05-05T09:11:29.639Z,2025-03-01T14:03:30.099Z,ativo,false
683d8d05c709d34c0311e491,Gutmann LLC Sushi Bar,Cimentarius cohors admiratio arceo decens sint crapula tepidus.,Mexicana,Japonesa,Árabe,$$$,Cydney Fort,4949,Shropshire,North Mireillecester,IA,36713-025,139.3608,8.9947,997-847-5796 x25349,krystal.mcdermott-schmitt58@yahoo.com,https://obedient-loaf.name,segunda,terça,quarta,quinta,sexta,sábado,domingo,11:30,11:30,11:30,11:30,11:30,12:00,12:00,22:00,22:00,22:00,23:00,23:30,23:30,21:00,true,false,false,false,false,false,false,https://loremflickr.com/3691/3115/food?lock=3630410245976733,https://loremflickr.com/1056/1230/restaurant?lock=1718416863876722,4.079040927039641,291,26,54,11.420053218014619,683d8d05c709d34c0311e2bc,2023-07-07T10:32:23.420Z,2025-05-14T19:23:35.549Z,ativo,false
683d8d05c709d34c0311e494,Koch - Thiel Sushi Bar,Earum amet blanditiis tego totidem crur.,Mexicana,,,$$$,Shields Oval,146,Staffordshire,South Judd,CT,89975-706,126.4399,-33.6298,860-560-7173 x360,bailee_rempel@yahoo.com,https://pale-remark.info,segunda,terça,quarta,quinta,sexta,sábado,domingo,11:30,11:30,11:30,11:30,11:30,12:00,12:00,22:00,22:00,22:00,23:00,23:30,23:30,21:00,true,false,false,false,false,false,true,https://loremflickr.com/1648/3679/food?lock=6827328375721312,https://loremflickr.com/1060/764/restaurant?lock=3578534814737399,4.029241264976511,623,25,60,0.511797002811693,683d8d05c709d34c0311e46b,2022-11-13T03:48:12.659Z,2024-12-12T23:13:56.624Z,inativo,false
683d8d05c709d34c0311e496,Lueilwitz - Hartmann Sushi Bar,Arbustum sui canto communis calco comparo.,Brasileira,Pizzaria,Italiana,$,Allen Haven,6881,Hancock County,Lake Ciceroshire,ID,33958-121,-36.7119,64.0347,(587) 929-8261,newton_ward87@gmail.com,https://biodegradable-schnitzel.info/,segunda,terça,quarta,quinta,sexta,sábado,domingo,11:30,11:30,11:30,11:30,11:30,12:00,12:00,22:00,22:00,22:00,23:00,23:30,23:30,21:00,false,false,false,false,false,false,true,https://loremflickr.com/3805/375/food?lock=40625065169427,https://loremflickr.com/2652/2806/restaurant?lock=4109038117586675,4.0078670474084195,674,25,69,5.232509877339415,683d8d05c709d34c0311e446,2025-01-04T05:53:20.435Z,2025-04-07T19:20:00.151Z,ativo,false
683d8d05c709d34c0311e499,Schamberger LLC Restaurante,Vester vitiosus pecco est consequatur ambulo demoror.,Hamburgueria,,,$,Church Lane,91073,Montgomery County,Sauerland,CA,79374-261,85.2019,-84.0027,(361) 782-3018,isom.balistreri@yahoo.com,https://measly-integer.info,segunda,terça,quarta,quinta,sexta,sábado,domingo,11:30,11:30,11:30,11:30,11:30,12:00,12:00,22:00,22:00,22:00,23:00,23:30,23:30,21:00,false,false,false,false,false,false,false,https://loremflickr.com/2448/1891/food?lock=6908299224859900,https://loremflickr.com/750/1347/restaurant?lock=2764369686318515,4.579474126571335,209,39,67,3.2541839384852262,683d8d05c709d34c0311e337,2025-04-16T22:18:49.553Z,2024-12-30T12:13:30.821Z,ativo,false
683d8d05c709d34c0311e49d,Bogisich LLC Bistrô,Adhaero decipio tener verus adiuvo.,Vegetariana,Japonesa,Pizzaria,$$,Lera Flats,2747,South Glamorgan,Aliyahtown,NJ,65971-040,-125.8624,-83.894,933.490.1599 x539,lexus29@gmail.com,https://extra-large-dulcimer.net,segunda,terça,quarta,quinta,sexta,sábado,domingo,11:30,11:30,11:30,11:30,11:30,12:00,12:00,22:00,22:00,22:00,23:00,23:30,23:30,21:00,false,false,false,false,false,false,true,https://loremflickr.com/1702/3412/food?lock=7396990136195862,https://loremflickr.com/1139/1486/restaurant?lock=5239450506782965,2.6894870347647224,522,35,50,1.9909066525070351,683d8d05c709d34c0311e377,2024-09-09T08:24:39.363Z,2025-04-12T12:13:29.836Z,ativo,false
683d8d05c709d34c0311e49e,Cormier LLC Bistrô,Concido defero venio.,Vegetariana,Japonesa,,$$$,Rory Points,2011,West Glamorgan,Lednerfurt,TN,54117-443,52.9077,72.8026,(905) 274-0947 x21194,joshuah.herzog@hotmail.com,https://instructive-granny.net,segunda,terça,quarta,quinta,sexta,sábado,domingo,11:30,11:30,11:30,11:30,11:30,12:00,12:00,22:00,22:00,22:00,23:00,23:30,23:30,21:00,false,false,false,false,false,false,true,https://loremflickr.com/2743/1904/food?lock=8790474869711180,https://loremflickr.com/1291/552/restaurant?lock=3883925164794303,3.4793980646076994,360,23,51,8.21342254049402,683d8d05c709d34c0311e41d,2024-05-23T09:26:36.755Z,2025-04-03T20:46:43.888Z,ativo,true
683d8d05c709d34c0311e49f,Powlowski - Gutkowski Grill,Creptio degenero tabernus esse campana aro voro spiritus cura.,Pizzaria,,,$,Arnaldo Oval,80466,Hamilton County,Kuhlmanview,CT,96047-691,129.0923,24.911,843.569.4933 x1821,odessa25@hotmail.com,https://red-fax.net/,segunda,terça,quarta,quinta,sexta,sábado,domingo,11:30,11:30,11:30,11:30,11:30,12:00,12:00,22:00,22:00,22:00,23:00,23:30,23:30,21:00,false,false,false,false,false,false,false,https://loremflickr.com/1537/1596/food?lock=8032736448251019,https://loremflickr.com/3384/55/restaurant?lock=6773875656186184,3.433714580414356,976,25,45,10.16644558405035,683d8d05c709d34c0311e39e,2024-05-31T04:12:46.985Z,2025-03-15T08:10:07.482Z,ativo,false
683d8d05c709d34c0311e4a0,"DuBuque, Pouros and Rohan Restaurante",Aestivus sordeo angustus acceptus avarus verus.,Brasileira,Mexicana,Hamburgueria,$,Breana Walk,20089,Hertfordshire,Bothell,ID,77988-727,112.9253,88.469,(484) 211-8955 x91523,izaiah.conroy76@hotmail.com,https://early-dream.info,segunda,terça,quarta,quinta,sexta,sábado,domingo,11:30,11:30,11:30,11:30,11:30,12:00,12:00,22:00,22:00,22:00,23:00,23:30,23:30,21:00,false,false,false,false,false,false,false,https://loremflickr.com/1081/1603/food?lock=6461060844044373,https://loremflickr.com/2841/1526/restaurant?lock=2669650342185491,4.996437781681022,922,30,56,2.488433549193923,683d8d05c709d34c0311e319,2023-08-12T16:55:07.604Z,2025-05-12T11:45:28.687Z,inativo,true
683d8d05c709d34c0311e4a3,Schinner - Schuster Bistrô,Bos denuncio adipiscor aliquam.,Mexicana,Chinesa,Vegetariana,$,Cummings Forks,8455,Monroe County,North Brettburgh,ND,41757-343,-172.4362,-57.532,900-923-2435 x7841,lewis_bayer71@hotmail.com,https://oblong-cauliflower.org/,segunda,terça,quarta,quinta,sexta,sábado,domingo,11:30,11:30,11:30,11:30,11:30,12:00,12:00,22:00,22:00,22:00,23:00,23:30,23:30,21:00,false,false,false,false,false,false,false,https://loremflickr.com/400/3013/food?lock=8029863274464608,https://loremflickr.com/1286/3709/restaurant?lock=2057840770184990,2.823242669648664,754,32,57,13.90825563119897,683d8d05c709d34c0311e285,2024-11-14T00:56:47.129Z,2025-05-09T09:54:42.532Z,ativo,true
683d8d05c709d34c0311e4a5,Hermiston Group Restaurante,Cariosus subito temeritas vulgus spero in.,Indiana,Pizzaria,Mexicana,$$$$,Jacobs Canyon,4347,Surrey,Aidenstad,ME,70369-359,165.6721,-62.9519,1-257-631-1679 x943,hassie54@gmail.com,https://caring-heartache.net,segunda,terça,quarta,quinta,sexta,sábado,domingo,11:30,11:30,11:30,11:30,11:30,12:00,12:00,22:00,22:00,22:00,23:00,23:30,23:30,21:00,false,false,false,false,false,false,false,https://loremflickr.com/209/3522/food?lock=8775127091465557,https://loremflickr.com/2208/3316/restaurant?lock=2042885009473369,4.251342799157876,901,39,47,9.611112560727237,683d8d05c709d34c0311e332,2024-08-17T03:57:12.932Z,2025-01-15T10:37:24.220Z,inativo,false
683d8d05c709d34c0311e477,"Klocko, Carroll and Barton Cantina",Harum cornu adiuvo occaecati conduco basium terra ad viridis tempore.,Árabe,,,$$$,Lolita Land,967,Grampian,South Lindseyborough,ID,39283-090,-48.8575,25.9358,439.810.2431 x02856,gail.corkery9@yahoo.com,https://murky-juggernaut.biz,segunda,terça,quarta,quinta,sexta,sábado,domingo,11:30,11:30,11:30,11:30,11:30,12:00,12:00,22:00,22:00,22:00,23:00,23:30,23:30,21:00,false,false,false,false,false,false,true,https://loremflickr.com/1019/2099/food?lock=2181477399623668,https://loremflickr.com/1347/2745/restaurant?lock=6790419488658328,2.6694050674133796,976,31,51,14.40323508700535,683d8d05c709d34c0311e309,2022-09-16T00:51:49.183Z,2025-05-20T13:49:48.201Z,ativo,true
683d8d05c709d34c0311e47a,Von Group Sushi Bar,Colligo suscipio deleo color.,Italiana,Chinesa,,$$,Kilback Course,791,Washington County,New Rebekah,KS,27521-116,129.4918,8.2412,1-498-461-5418,berniece45@hotmail.com,https://gray-lyre.net/,segunda,terça,quarta,quinta,sexta,sábado,domingo,11:30,11:30,11:30,11:30,11:30,12:00,12:00,22:00,22:00,22:00,23:00,23:30,23:30,21:00,false,false,false,false,false,false,true,https://loremflickr.com/3072/3834/food?lock=4353781022498553,https://loremflickr.com/2351/1758/restaurant?lock=2888473119318427,3.9171790010179652,513,36,52,9.98321746527837,683d8d05c709d34c0311e3bd,2024-06-27T13:33:46.941Z,2025-04-05T01:00:13.827Z,inativo,false
683d8d05c709d34c0311e47c,"Price, Reichert and Kiehn Cantina",Adficio aestas cunctatio vester odit adiuvo tabernus cetera conturbo cohaero.,Mexicana,Italiana,,$$$,E 12th Street,6597,Clwyd,Juneville,NY,33396-091,43.9331,83.7643,(682) 774-3595 x373,darby.waters57@hotmail.com,https://peppery-bob.org/,segunda,terça,quarta,quinta,sexta,sábado,domingo,11:30,11:30,11:30,11:30,11:30,12:00,12:00,22:00,22:00,22:00,23:00,23:30,23:30,21:00,false,false,false,false,false,false,false,https://loremflickr.com/2362/330/food?lock=459610352331951,https://loremflickr.com/189/1324/restaurant?lock=7115902485304500,3.7494709321396664,495,33,59,3.7706001211062485,683d8d05c709d34c0311e2b0,2022-06-29T09:40:04.840Z,2025-03-30T20:38:50.545Z,ativo,false
683d8d05c709d34c0311e480,Wiegand - Sawayn Grill,Dolorum accommodo perspiciatis tametsi concido desolo veniam volo pel.,Brasileira,,,$$,Vicente Pass,21217,Gwent,Clarissaburgh,NY,92139-856,86.7987,35.501,268-377-9171 x498,deon10@yahoo.com,https://smart-formamide.org,segunda,terça,quarta,quinta,sexta,sábado,domingo,11:30,11:30,11:30,11:30,11:30,12:00,12:00,22:00,22:00,22:00,23:00,23:30,23:30,21:00,true,false,false,false,false,false,false,https://loremflickr.com/3809/2620/food?lock=1542820315584415,https://loremflickr.com/3753/2738/restaurant?lock=1030011453002553,3.6656562752299298,600,28,53,10.89228560850077,683d8d05c709d34c0311e2b0,2024-09-12T03:49:19.011Z,2025-03-17T11:02:15.403Z,ativo,false
683d8d05c709d34c0311e482,"Rippin, Hamill and Halvorson Sushi Bar",Verus desparatus caelestis quibusdam cunabula toties aro angelus artificiose.,Italiana,Brasileira,Japonesa,$$$,N Court Street,5340,Marion County,Fort Sierra,RI,96849-031,139.9692,3.4195,(814) 804-1929 x829,maybelle10@yahoo.com,https://self-assured-birth.com/,segunda,terça,quarta,quinta,sexta,sábado,domingo,11:30,11:30,11:30,11:30,11:30,12:00,12:00,22:00,22:00,22:00,23:00,23:30,23:30,21:00,false,false,false,false,false,false,true,https://loremflickr.com/3406/3102/food?lock=6501005355858145,https://loremflickr.com/3121/3148/restaurant?lock=4270971563299954,3.4297443355284347,394,38,62,8.588791480301426,683d8d05c709d34c0311e3e9,2022-07-31T12:09:33.433Z,2025-05-23T00:43:27.626Z,ativo,false
683d8d05c709d34c0311e486,"Mayer, Walter and Rutherford Sushi Bar",Velociter aduro allatus defendo.,Chinesa,Japonesa,,$$,DuBuque Points,55761,Worcestershire,Arnoldcester,MA,24856-588,-105.2075,-57.6577,(532) 762-8250 x0697,deion_gulgowski14@yahoo.com,https://useless-subsidy.net,segunda,terça,quarta,quinta,sexta,sábado,domingo,11:30,11:30,11:30,11:30,11:30,12:00,12:00,22:00,22:00,22:00,23:00,23:30,23:30,21:00,false,false,false,false,false,false,false,https://loremflickr.com/2054/3990/food?lock=2444666334938095,https://loremflickr.com/387/2671/restaurant?lock=2074132345024093,3.03968087384212,24,36,46,1.2233332252637257,683d8d05c709d34c0311e43f,2022-07-16T07:35:27.013Z,2025-01-23T18:49:36.037Z,ativo,false
683d8d05c709d34c0311e487,Marquardt - Heathcote Sushi Bar,Demoror appono contigo venia creta cognatus.,Árabe,Mexicana,,$$$$,Monty Underpass,7252,Suffolk,Brookline,OH,88377-270,27.2015,-2.3159,(211) 568-4655 x853,brendan.buckridge70@hotmail.com,https://cute-advertisement.biz,segunda,terça,quarta,quinta,sexta,sábado,domingo,11:30,11:30,11:30,11:30,11:30,12:00,12:00,22:00,22:00,22:00,23:00,23:30,23:30,21:00,false,false,false,false,false,false,false,https://loremflickr.com/699/1501/food?lock=7244013452814953,https://loremflickr.com/2400/2163/restaurant?lock=5946669692048968,2.754197348381029,241,24,66,0.8084580108138928,683d8d05c709d34c0311e380,2023-01-04T17:11:25.600Z,2025-02-08T11:18:30.739Z,ativo,false
683d8d05c709d34c0311e488,"Bashirian, Barrows and Douglas Cantina",Asper bardus vinco ustulo cresco.,Japonesa,Pizzaria,Hamburgueria,$$$,Marquise Mall,11722,Cleveland,Wildermantown,MT,34616-732,162.1145,-19.1556,1-576-230-2839 x54586,ericka40@gmail.com,https://foolhardy-coast.com,segunda,terça,quarta,quinta,sexta,sábado,domingo,11:30,11:30,11:30,11:30,11:30,12:00,12:00,22:00,22:00,22:00,23:00,23:30,23:30,21:00,false,false,false,false,false,false,false,https://loremflickr.com/1671/2615/food?lock=569010259493373,https://loremflickr.com/2126/601/restaurant?lock=238306374862012,2.6978469446084654,574,37,66,12.81386705348918,683d8d05c709d34c0311e31a,2024-10-29T07:58:35.840Z,2025-03-26T22:11:04.226Z,ativo,false
683d8d05c709d34c0311e48e,Smith - Nader Bistrô,Aperte administratio depulso dolorum venio capto urbanus dedico cultura decimus.,Árabe,Italiana,,$,Mable Divide,6118,Lawrence County,Fort Leanne,MO,87318-662,1.1217,-23.6181,568.290.4165,maxie_cummerata@yahoo.com,https://grandiose-mortise.name/,segunda,terça,quarta,quinta,sexta,sábado,domingo,11:30,11:30,11:30,11:30,11:30,12:00,12:00,22:00,22:00,22:00,23:00,23:30,23:30,21:00,true,false,false,false,false,false,true,https://loremflickr.com/122/2306/food?lock=295598387476494,https://loremflickr.com/3952/451/restaurant?lock=558617603874648,4.527130830866319,222,34,70,5.425795406170684,683d8d05c709d34c0311e2dc,2022-07-19T20:53:39.308Z,2025-03-26T00:20:57.457Z,ativo,false
683d8d05c709d34c0311e48f,"Sipes, Bailey and Glover Restaurante",Tonsor alveus amo somnus articulus vulariter absconditus theca administratio quod.,Italiana,,,$,Cesar Point,5513,Tyne and Wear,West Franciscoborough,ID,46235-393,-62.6346,35.2934,865.733.7923 x652,franz.daniel86@yahoo.com,https://superior-optimal.net,segunda,terça,quarta,quinta,sexta,sábado,domingo,11:30,11:30,11:30,11:30,11:30,12:00,12:00,22:00,22:00,22:00,23:00,23:30,23:30,21:00,false,false,false,false,false,false,false,https://loremflickr.com/568/591/food?lock=3491607350917351,https://loremflickr.com/3700/343/restaurant?lock=4525393296490525,3.656637388740153,976,29,63,2.0549662502832806,683d8d05c709d34c0311e295,2025-04-29T00:55:03.479Z,2025-03-13T23:14:12.503Z,inativo,false
683d8d05c709d34c0311e49c,Fahey and Sons Bistrô,Combibo sustineo tergo capto amoveo ante voluptatibus nisi victoria universe.,Hamburgueria,,,$$$,Reanna Centers,84717,Staffordshire,Ignacioton,AK,59036-636,57.8687,50.0778,(808) 886-9683,michale_jakubowski@yahoo.com,https://wretched-bakeware.com/,segunda,terça,quarta,quinta,sexta,sábado,domingo,11:30,11:30,11:30,11:30,11:30,12:00,12:00,22:00,22:00,22:00,23:00,23:30,23:30,21:00,false,false,false,false,false,false,true,https://loremflickr.com/1808/3772/food?lock=3519649567741019,https://loremflickr.com/1690/2087/restaurant?lock=7948139519192431,4.5720182909544125,630,36,49,8.256518524242965,683d8d05c709d34c0311e294,2023-02-27T12:27:59.538Z,2025-05-03T20:40:24.145Z,ativo,false
683d8d05c709d34c0311e4a1,Mitchell Inc Bistrô,Derelinquo stella sortitus taedium cavus animadverto atrox iusto approbo vehemens.,Indiana,Brasileira,Japonesa,$$$$,E Main,58868,Mid Glamorgan,Dannyhaven,IA,88715-589,-66.3706,-78.2106,550.888.8961 x61108,david.kautzer77@gmail.com,https://babyish-backbone.name/,segunda,terça,quarta,quinta,sexta,sábado,domingo,11:30,11:30,11:30,11:30,11:30,12:00,12:00,22:00,22:00,22:00,23:00,23:30,23:30,21:00,false,false,false,false,false,false,true,https://loremflickr.com/3148/3146/food?lock=7858467341531607,https://loremflickr.com/155/2222/restaurant?lock=5716693399619368,4.665802920791596,78,34,66,8.03830638451711,683d8d05c709d34c0311e2ad,2023-11-01T03:53:45.123Z,2025-01-08T18:23:55.158Z,ativo,false
683d8d05c709d34c0311e4a6,"Stamm, Shields and Wuckert Grill",Assentator vulnus vereor voveo delicate atque thymum.,Hamburgueria,,,$$$,Stuart Shores,7955,Dyfed,New Maccester,PA,36235-511,-27.8144,-21.0182,1-656-925-5715,lucio_ziemann@gmail.com,https://determined-onset.name/,segunda,terça,quarta,quinta,sexta,sábado,domingo,11:30,11:30,11:30,11:30,11:30,12:00,12:00,22:00,22:00,22:00,23:00,23:30,23:30,21:00,false,false,false,false,false,false,true,https://loremflickr.com/3283/3288/food?lock=7028701495946722,https://loremflickr.com/3718/3649/restaurant?lock=4718646485395570,4.232230685145643,944,30,49,8.621503781562964,683d8d05c709d34c0311e320,2022-08-17T03:45:14.177Z,2025-04-01T20:12:24.283Z,ativo,true
683d8d05c709d34c0311e481,Rogahn LLC Grill,Aspernatur atrox ullus nulla sortitus agnosco crapula solium.,Japonesa,,,$$$$,Aimee Harbor,9581,Merseyside,Wintheiserfort,IL,92026-790,143.6652,17.3904,854-580-7280,george3@yahoo.com,https://failing-bungalow.org,segunda,terça,quarta,quinta,sexta,sábado,domingo,11:30,11:30,11:30,11:30,11:30,12:00,12:00,22:00,22:00,22:00,23:00,23:30,23:30,21:00,false,false,false,false,false,false,false,https://loremflickr.com/1562/3339/food?lock=284330361913661,https://loremflickr.com/3033/2665/restaurant?lock=5319015996309711,4.350081949397158,746,36,56,14.720645373960583,683d8d05c709d34c0311e2cf,2023-09-27T19:31:46.741Z,2025-03-08T15:03:10.903Z,inativo,true
683d8d05c709d34c0311e48d,Pagac - Rau Cantina,Sollers sui bene triduana vorax solum.,Italiana,Hamburgueria,,$$,N Water Street,872,Kent,Lake Lindsayshire,VT,05376-911,79.8854,-75.0119,423-932-2958 x90650,carter52@gmail.com,https://phony-populist.biz/,segunda,terça,quarta,quinta,sexta,sábado,domingo,11:30,11:30,11:30,11:30,11:30,12:00,12:00,22:00,22:00,22:00,23:00,23:30,23:30,21:00,false,false,false,false,false,false,false,https://loremflickr.com/2792/2489/food?lock=3400260783914731,https://loremflickr.com/1125/2556/restaurant?lock=8750669842377176,4.619009368647103,804,27,66,12.584900783980753,683d8d05c709d34c0311e293,2024-05-30T23:41:02.416Z,2024-12-22T18:28:21.320Z,ativo,true
683d8d05c709d34c0311e492,O'Kon Group Restaurante,Ver uxor acceptus.,Pizzaria,Indiana,,$$$,Center Road,39185,Washington County,Ernestfield,WV,05022-080,170.2628,48.6326,1-554-292-8024 x1434,jarred34@hotmail.com,https://unpleasant-dime.net,segunda,terça,quarta,quinta,sexta,sábado,domingo,11:30,11:30,11:30,11:30,11:30,12:00,12:00,22:00,22:00,22:00,23:00,23:30,23:30,21:00,false,false,false,false,false,false,false,https://loremflickr.com/1130/1330/food?lock=3517031203384149,https://loremflickr.com/214/3641/restaurant?lock=8894560597921802,4.6222850183357735,658,26,50,13.527616842693476,683d8d05c709d34c0311e420,2024-04-29T10:57:50.750Z,2024-12-29T22:19:33.541Z,ativo,false
683d8d05c709d34c0311e498,"Wunsch, Cummerata and Simonis Restaurante",Aedificium talio sequi canonicus antiquus traho tubineus aliquid universe.,Vegetariana,,,$$,Maple Road,201,Hamilton County,Gleasonport,NY,87588-940,-168.1169,40.2036,881-881-3344 x6656,gertrude_mccullough@yahoo.com,https://rubbery-labourer.info/,segunda,terça,quarta,quinta,sexta,sábado,domingo,11:30,11:30,11:30,11:30,11:30,12:00,12:00,22:00,22:00,22:00,23:00,23:30,23:30,21:00,false,false,false,false,false,false,false,https://loremflickr.com/3615/2911/food?lock=6897774691799799,https://loremflickr.com/776/3398/restaurant?lock=4632552830421550,3.286176414630005,221,33,47,13.573740291539831,683d8d05c709d34c0311e2dd,2023-10-03T11:30:19.147Z,2025-04-06T14:11:06.718Z,ativo,false
683d8d05c709d34c0311e49a,"Langworth, Lubowitz and Mertz Bistrô",Culpo porro degusto.,Mexicana,Italiana,,$$$$,Larissa Village,2915,Hertfordshire,New Archchester,MS,11767-469,88.4369,-81.1549,(308) 723-8342 x571,nikolas_marquardt10@hotmail.com,https://basic-individual.name/,segunda,terça,quarta,quinta,sexta,sábado,domingo,11:30,11:30,11:30,11:30,11:30,12:00,12:00,22:00,22:00,22:00,23:00,23:30,23:30,21:00,false,false,false,false,false,false,false,https://loremflickr.com/2747/2892/food?lock=8568654420858130,https://loremflickr.com/2045/1053/restaurant?lock=3984335552523263,2.5304244443834563,603,31,62,13.206001443637977,683d8d05c709d34c0311e361,2022-09-24T05:22:16.581Z,2025-06-01T22:41:41.473Z,ativo,false
683d8d05c709d34c0311e49b,Raynor - Hoppe Restaurante,Contra brevis error baiulus minus tandem dapifer.,Italiana,,,$$$$,8th Street,37213,Jefferson County,Stephaniefort,UT,46047-278,125.5695,64.7966,300.738.6113 x94863,rickie_nitzsche11@yahoo.com,https://passionate-exploration.net,segunda,terça,quarta,quinta,sexta,sábado,domingo,11:30,11:30,11:30,11:30,11:30,12:00,12:00,22:00,22:00,22:00,23:00,23:30,23:30,21:00,false,false,false,false,false,false,false,https://loremflickr.com/2451/1880/food?lock=6936678530897803,https://loremflickr.com/207/1385/restaurant?lock=3887466620665519,2.5731066585613256,839,38,68,6.637174157873101,683d8d05c709d34c0311e3b3,2024-09-11T06:40:51.126Z,2025-05-17T22:05:03.542Z,inativo,false
683d8d05c709d34c0311e4a8,Bogan - Ernser Cantina,Cito comitatus volutabrum deporto tener.,Indiana,Brasileira,,$$,School Road,69990,Buckinghamshire,Lake Adrain,OH,47524-090,-91.0856,-11.1854,345.847.9099 x599,evelyn.windler@yahoo.com,https://sorrowful-characterization.net/,segunda,terça,quarta,quinta,sexta,sábado,domingo,11:30,11:30,11:30,11:30,11:30,12:00,12:00,22:00,22:00,22:00,23:00,23:30,23:30,21:00,true,false,false,false,false,false,false,https://loremflickr.com/3697/2670/food?lock=7422337234915297,https://loremflickr.com/1368/3960/restaurant?lock=7263680878473390,4.582673594229337,178,35,53,5.6348262754431735,683d8d05c709d34c0311e34c,2023-03-28T19:51:16.823Z,2025-02-19T16:12:43.892Z,ativo,false
