_id,pedido_id,usuario_id,restaurante_id,mensagens[0].remetente_tipo,mensagens[1].remetente_tipo,mensagens[2].remetente_tipo,mensagens[3].remetente_tipo,mensagens[4].remetente_tipo,mensagens[5].remetente_tipo,mensagens[0].remetente_id,mensagens[1].remetente_id,mensagens[2].remetente_id,mensagens[3].remetente_id,mensagens[4].remetente_id,mensagens[5].remetente_id,mensagens[0].texto,mensagens[1].texto,mensagens[2].texto,mensagens[3].texto,mensagens[4].texto,mensagens[5].texto,mensagens[0].data_envio,mensagens[1].data_envio,mensagens[2].data_envio,mensagens[3].data_envio,mensagens[4].data_envio,mensagens[5].data_envio,mensagens[0].lida,mensagens[1].lida,mensagens[2].lida,mensagens[3].lida,mensagens[4].lida,mensagens[5].lida,mensagens[0].data_leitura,mensagens[1].data_leitura,mensagens[2].data_leitura,mensagens[3].data_leitura,mensagens[4].data_leitura,mensagens[5].data_leitura,status,ultima_mensagem,ultima_leitura_cliente,ultima_leitura_restaurante
683d8d07c709d34c0312015e,683d8d06c709d34c0311eab2,683d8d05c709d34c0311e398,683d8d05c709d34c0311e494,cliente,restaurante,cliente,restaurante,,,683d8d05c709d34c0311e398,683d8d05c709d34c0311e494,683d8d05c709d34c0311e398,683d8d05c709d34c0311e494,,,Toties damno vilicus calamitas defero vilis explicabo copia crudelis tumultus.,Ter considero dolorem sulum spiritus expedita.,Ver suscipit vehemens comedo verumtamen toties crur undique stipes.,Vis minus deduco coniuratio comedo quos defero.,,,2025-04-17T20:08:13.938Z,2025-04-18T05:42:06.738Z,2025-04-18T16:59:14.576Z,2025-04-18T18:08:10.965Z,,,true,true,true,true,,,,,,,,,ativa,2025-04-18T18:08:10.965Z,,
683d8d07c709d34c03120160,683d8d06c709d34c0311eb14,683d8d05c709d34c0311e445,683d8d05c709d34c0311e488,cliente,restaurante,cliente,restaurante,cliente,restaurante,683d8d05c709d34c0311e445,683d8d05c709d34c0311e488,683d8d05c709d34c0311e445,683d8d05c709d34c0311e488,683d8d05c709d34c0311e445,683d8d05c709d34c0311e488,Virtus veritatis comis perspiciatis uterque illum caritas ultra cupiditas.,Minus adsuesco adfero avarus denego.,Calco defetiscor comptus strues adulatio.,Ante suscipio consequatur cresco optio officiis contego.,Avarus tardus clementia concido hic vergo quae tollo atrox.,Audax tondeo cenaculum assumenda.,2025-06-01T21:37:42.511Z,2025-06-02T01:07:08.506Z,2025-06-02T11:39:37.825Z,2025-06-02T23:30:00.085Z,2025-06-03T00:47:24.745Z,2025-06-03T02:53:09.461Z,true,false,false,false,true,true,,,,,,,ativa,2025-06-03T02:53:09.461Z,,
683d8d07c709d34c03120161,683d8d06c709d34c0311e99a,683d8d05c709d34c0311e354,683d8d05c709d34c0311e499,cliente,restaurante,cliente,restaurante,cliente,,683d8d05c709d34c0311e354,683d8d05c709d34c0311e499,683d8d05c709d34c0311e354,683d8d05c709d34c0311e499,683d8d05c709d34c0311e354,,Valetudo tenax cruciamentum spes conspergo calco vaco.,Patria asporto urbs nihil iusto comis tamisium pariatur.,Assentator contra alveus quas paulatim tricesimus enim cruciamentum absens auctus.,Voluntarius cruciamentum ulterius minima.,Consectetur celer minus voluptate attonbitus stipes vero voveo.,,2024-06-18T02:30:34.291Z,2024-06-18T13:01:40.841Z,2024-06-18T22:31:32.936Z,2024-06-19T00:00:59.771Z,2024-06-19T08:52:57.183Z,,true,true,true,true,true,,,,,,,,ativa,2024-06-19T08:52:57.183Z,,
683d8d07c709d34c03120164,683d8d06c709d34c0311e9f3,683d8d05c709d34c0311e3d4,683d8d05c709d34c0311e4a4,cliente,restaurante,cliente,,,,683d8d05c709d34c0311e3d4,683d8d05c709d34c0311e4a4,683d8d05c709d34c0311e3d4,,,,Auditor est attero amitto.,Collum convoco impedit valens alienus alienus succedo abundans abeo.,Voluptate nisi calamitas cohibeo.,,,,2024-09-09T10:50:01.872Z,2024-09-09T13:45:11.261Z,2024-09-09T20:39:08.774Z,,,,true,true,true,,,,,,,,,,ativa,2024-09-09T20:39:08.774Z,,
683d8d07c709d34c03120166,683d8d06c709d34c0311ea3a,683d8d05c709d34c0311e2e8,683d8d05c709d34c0311e47b,cliente,restaurante,cliente,restaurante,cliente,,683d8d05c709d34c0311e2e8,683d8d05c709d34c0311e47b,683d8d05c709d34c0311e2e8,683d8d05c709d34c0311e47b,683d8d05c709d34c0311e2e8,,Custodia cubo solvo.,Ab asper admiratio adfectus utrimque arca avaritia canto suggero.,Copiose rerum defetiscor tero aut velociter totam cibus.,Absens depulso paulatim vesco.,Tracto curvo attero calcar labore benevolentia comes.,,2024-11-21T19:29:25.777Z,2024-11-22T04:09:37.961Z,2024-11-22T13:54:16.311Z,2024-11-23T00:25:36.357Z,2024-11-23T04:43:27.247Z,,true,true,true,true,true,,,,,,,,ativa,2024-11-23T04:43:27.247Z,,
683d8d07c709d34c03120168,683d8d06c709d34c0311e91d,683d8d05c709d34c0311e3d6,683d8d05c709d34c0311e482,cliente,restaurante,cliente,restaurante,cliente,restaurante,683d8d05c709d34c0311e3d6,683d8d05c709d34c0311e482,683d8d05c709d34c0311e3d6,683d8d05c709d34c0311e482,683d8d05c709d34c0311e3d6,683d8d05c709d34c0311e482,Supplanto ancilla vere aegrotatio dicta.,Ad vado capto cariosus quibusdam quasi temeritas comparo id usque.,Eveniet cupiditate cuppedia aetas decimus valens volubilis usque compello adduco.,Strues vix natus.,Crapula tabgo alter modi placeat benevolentia teres admoveo adaugeo corporis.,Tollo trucido pectus desparatus solvo nostrum verbum timor reprehenderit.,2024-11-01T21:17:07.265Z,2024-11-02T02:04:49.799Z,2024-11-02T11:31:06.315Z,2024-11-02T17:47:05.274Z,2024-11-02T23:54:51.138Z,2024-11-03T09:04:10.659Z,true,false,true,true,true,true,,,,,,,ativa,2024-11-03T09:04:10.659Z,,
683d8d07c709d34c03120172,683d8d06c709d34c0311ea20,683d8d05c709d34c0311e3ca,683d8d05c709d34c0311e48f,cliente,restaurante,cliente,restaurante,cliente,restaurante,683d8d05c709d34c0311e3ca,683d8d05c709d34c0311e48f,683d8d05c709d34c0311e3ca,683d8d05c709d34c0311e48f,683d8d05c709d34c0311e3ca,683d8d05c709d34c0311e48f,Velum curo tam adinventitias solitudo.,Vetus textor velut.,Nihil sto coepi vita doloremque.,Utrimque deserunt accusamus culpo tempore votum.,Vita consectetur tergum.,Sperno ipsum super.,2024-12-20T10:36:38.387Z,2024-12-20T21:01:01.730Z,2024-12-21T00:40:40.131Z,2024-12-21T12:01:07.017Z,2024-12-21T20:53:32.405Z,2024-12-22T08:46:16.949Z,false,true,true,true,true,true,,,,,,,ativa,2024-12-22T08:46:16.949Z,,
683d8d07c709d34c03120181,683d8d06c709d34c0311ed5d,683d8d05c709d34c0311e2a6,683d8d05c709d34c0311e49d,cliente,restaurante,cliente,,,,683d8d05c709d34c0311e2a6,683d8d05c709d34c0311e49d,683d8d05c709d34c0311e2a6,,,,Cuius tondeo cariosus vacuus una verto vos valens aro.,Venustas sublime bos adsuesco dignissimos amor verecundia.,Summa tergeo vesica utor alter laboriosam conservo aufero comis eveniet.,,,,2024-08-05T19:33:54.046Z,2024-08-06T01:01:40.308Z,2024-08-06T10:07:25.651Z,,,,true,true,true,,,,,,,,,,ativa,2024-08-06T10:07:25.651Z,,
683d8d07c709d34c0312018a,683d8d06c709d34c0311ed4f,683d8d05c709d34c0311e2d7,683d8d05c709d34c0311e496,cliente,restaurante,cliente,restaurante,cliente,restaurante,683d8d05c709d34c0311e2d7,683d8d05c709d34c0311e496,683d8d05c709d34c0311e2d7,683d8d05c709d34c0311e496,683d8d05c709d34c0311e2d7,683d8d05c709d34c0311e496,Talis demonstro a vel defungo.,Turba basium defungo tepesco aer subseco corrupti.,Coaegresco administratio repudiandae harum tego pauci attero benevolentia.,Causa dedecor triduana voluptatem adaugeo comedo quos territo thema vomer.,Quis thalassinus pauci spiritus perspiciatis amoveo animi.,Velum alienus facilis cohaero animadverto contabesco magni quos.,2024-06-13T07:05:22.886Z,2024-06-13T11:00:43.533Z,2024-06-13T14:36:16.680Z,2024-06-13T15:14:40.974Z,2024-06-13T22:31:42.657Z,2024-06-14T07:53:11.174Z,true,true,true,true,true,true,,,,,,,ativa,2024-06-14T07:53:11.174Z,,
683d8d07c709d34c0312018d,683d8d06c709d34c0311eac4,683d8d05c709d34c0311e46a,683d8d05c709d34c0311e486,cliente,restaurante,cliente,restaurante,cliente,restaurante,683d8d05c709d34c0311e46a,683d8d05c709d34c0311e486,683d8d05c709d34c0311e46a,683d8d05c709d34c0311e486,683d8d05c709d34c0311e46a,683d8d05c709d34c0311e486,Cultellus suffragium tepesco summa colligo coma tremo sublime textilis.,Defero statua eveniet alius tempore depopulo cribro tempore cometes infit.,Defungo admitto tepesco caterva pel adstringo.,Uredo commodi ipsum supplanto usque.,Crebro teres depraedor caveo perferendis sonitus vox enim.,Delibero ulterius capto capto celo carmen tactus quod cribro.,2024-08-12T18:42:15.967Z,2024-08-12T21:17:05.099Z,2024-08-13T08:52:52.216Z,2024-08-13T13:58:37.518Z,2024-08-13T23:40:37.508Z,2024-08-13T23:42:41.316Z,true,false,false,true,true,true,,,,,,,ativa,2024-08-13T23:42:41.316Z,,
683d8d07c709d34c03120190,683d8d06c709d34c0311e9b2,683d8d05c709d34c0311e452,683d8d05c709d34c0311e49f,cliente,restaurante,cliente,restaurante,cliente,restaurante,683d8d05c709d34c0311e452,683d8d05c709d34c0311e49f,683d8d05c709d34c0311e452,683d8d05c709d34c0311e49f,683d8d05c709d34c0311e452,683d8d05c709d34c0311e49f,Cito tremo commemoro illo cavus.,Ex temperantia beneficium delego.,Veritatis cura sursum apud tum viridis virgo.,Beneficium ullus abduco suscipio unus confido.,Statua illo curia adipiscor viduo capio voluptatem.,Tum deficio benevolentia attonbitus tumultus demitto tubineus.,2024-09-04T16:39:32.807Z,2024-09-05T00:25:58.314Z,2024-09-05T09:37:28.410Z,2024-09-05T11:43:02.311Z,2024-09-05T22:25:52.945Z,2024-09-06T02:08:57.907Z,true,true,false,true,true,true,,,,,,,ativa,2024-09-06T02:08:57.907Z,,
683d8d07c709d34c03120192,683d8d06c709d34c0311edfd,683d8d05c709d34c0311e389,683d8d05c709d34c0311e48e,cliente,restaurante,,,,,683d8d05c709d34c0311e389,683d8d05c709d34c0311e48e,,,,,Sequi absum tertius ducimus altus valetudo auctus vitium.,Verecundia corona agnitio cibus degero.,,,,,2025-02-23T15:39:01.458Z,2025-02-23T21:55:40.747Z,,,,,false,false,,,,,,,,,,,ativa,2025-02-23T21:55:40.747Z,,
683d8d07c709d34c03120197,683d8d06c709d34c0311ead9,683d8d05c709d34c0311e41e,683d8d05c709d34c0311e488,cliente,restaurante,cliente,,,,683d8d05c709d34c0311e41e,683d8d05c709d34c0311e488,683d8d05c709d34c0311e41e,,,,Colligo tolero suffragium deputo patria solus urbs.,Cunae depono subnecto tribuo vulpes cruentus adversus delinquo vinitor summa.,Crepusculum adsidue thymum ultio curatio accedo verus amplexus ulterius spes.,,,,2025-04-05T02:57:55.190Z,2025-04-05T08:34:43.925Z,2025-04-05T12:52:42.757Z,,,,true,false,false,,,,,,,,,,ativa,2025-04-05T12:52:42.757Z,,
683d8d07c709d34c0312019b,683d8d06c709d34c0311eb92,683d8d05c709d34c0311e2c8,683d8d05c709d34c0311e47c,cliente,restaurante,cliente,,,,683d8d05c709d34c0311e2c8,683d8d05c709d34c0311e47c,683d8d05c709d34c0311e2c8,,,,Demens acceptus consuasor alioqui combibo.,Spero sono utique.,Vigilo claudeo stillicidium culpa suppellex ventus.,,,,2024-10-31T16:23:30.163Z,2024-10-31T18:27:30.278Z,2024-10-31T19:20:52.072Z,,,,false,true,true,,,,,,,,,,ativa,2024-10-31T19:20:52.072Z,,
683d8d07c709d34c031201a2,683d8d06c709d34c0311e91e,683d8d05c709d34c0311e2c8,683d8d05c709d34c0311e4a6,cliente,restaurante,cliente,restaurante,,,683d8d05c709d34c0311e2c8,683d8d05c709d34c0311e4a6,683d8d05c709d34c0311e2c8,683d8d05c709d34c0311e4a6,,,Statim confero uredo nostrum degero curso absorbeo degenero.,Socius quis illum quisquam soleo.,Textus id bene claustrum quod tabesco sopor.,Patria copia aestus molestias candidus abstergo ultio textor est.,,,2025-01-31T06:29:56.199Z,2025-01-31T13:59:22.827Z,2025-01-31T19:14:14.777Z,2025-02-01T02:40:11.290Z,,,true,true,true,false,,,,,,,,,ativa,2025-02-01T02:40:11.290Z,,
683d8d07c709d34c031201a6,683d8d06c709d34c0311ea55,683d8d05c709d34c0311e375,683d8d05c709d34c0311e47f,cliente,restaurante,cliente,restaurante,cliente,,683d8d05c709d34c0311e375,683d8d05c709d34c0311e47f,683d8d05c709d34c0311e375,683d8d05c709d34c0311e47f,683d8d05c709d34c0311e375,,Verto vorago incidunt temeritas clam.,Uberrime voco contigo angulus.,Caritas facilis conitor abundans sponte.,Territo tardus vito.,Terga turbo quam.,,2025-04-27T00:52:09.235Z,2025-04-27T11:54:38.329Z,2025-04-27T18:08:31.748Z,2025-04-28T05:10:14.444Z,2025-04-28T09:41:33.378Z,,true,true,true,false,true,,,,,,,,ativa,2025-04-28T09:41:33.378Z,,
683d8d07c709d34c031201a7,683d8d06c709d34c0311ebe9,683d8d05c709d34c0311e425,683d8d05c709d34c0311e482,cliente,restaurante,cliente,restaurante,cliente,restaurante,683d8d05c709d34c0311e425,683d8d05c709d34c0311e482,683d8d05c709d34c0311e425,683d8d05c709d34c0311e482,683d8d05c709d34c0311e425,683d8d05c709d34c0311e482,Cursim argentum cohors vulgus asper uterque ambulo cursim tego.,Theca avarus cursim ars corpus arceo concedo.,Viduo viriliter succedo cur.,Timidus architecto strues similique summopere aureus sono sapiente debeo suasoria.,Admiratio celo cerno sophismata conicio civitas.,Amaritudo aestivus nihil distinctio.,2024-11-23T08:49:05.634Z,2024-11-23T19:06:06.433Z,2024-11-24T00:57:22.781Z,2024-11-24T09:13:19.408Z,2024-11-24T09:32:56.146Z,2024-11-24T17:51:51.792Z,false,false,true,false,true,true,,,,,,,ativa,2024-11-24T17:51:51.792Z,,
683d8d07c709d34c031201a9,683d8d06c709d34c0311e901,683d8d05c709d34c0311e2cb,683d8d05c709d34c0311e488,cliente,restaurante,cliente,restaurante,cliente,restaurante,683d8d05c709d34c0311e2cb,683d8d05c709d34c0311e488,683d8d05c709d34c0311e2cb,683d8d05c709d34c0311e488,683d8d05c709d34c0311e2cb,683d8d05c709d34c0311e488,Civis totam bestia cras decipio corroboro convoco contra.,Aedificium turbo debitis sponte crastinus itaque.,Velut conspergo aliquam velit versus delicate cibo occaecati vigor.,Coepi consuasor sumo laudantium desipio uredo arbustum cado.,Ascit totus cohaero tantillus combibo spectaculum contigo termes dolor.,Conturbo articulus non triumphus vobis.,2025-05-05T01:09:59.089Z,2025-05-05T09:47:13.257Z,2025-05-05T21:24:00.156Z,2025-05-06T03:25:38.888Z,2025-05-06T07:14:24.557Z,2025-05-06T17:36:51.377Z,true,true,false,true,true,true,,,,,,,ativa,2025-05-06T17:36:51.377Z,,
683d8d07c709d34c031201ac,683d8d06c709d34c0311e867,683d8d05c709d34c0311e3a9,683d8d05c709d34c0311e490,cliente,restaurante,cliente,restaurante,,,683d8d05c709d34c0311e3a9,683d8d05c709d34c0311e490,683d8d05c709d34c0311e3a9,683d8d05c709d34c0311e490,,,Sumptus deorsum utilis acies ipsa copiose amicitia eligendi.,Tener tandem cimentarius dolor vallum clam vivo tabula.,Sophismata vir sursum.,Deleniti cenaculum thalassinus.,,,2025-04-06T08:38:26.401Z,2025-04-06T19:34:20.012Z,2025-04-07T02:20:00.086Z,2025-04-07T06:16:29.067Z,,,true,true,true,false,,,,,,,,,ativa,2025-04-07T06:16:29.067Z,,
683d8d07c709d34c031201af,683d8d06c709d34c0311e864,683d8d05c709d34c0311e3ba,683d8d05c709d34c0311e4a3,cliente,restaurante,cliente,restaurante,cliente,restaurante,683d8d05c709d34c0311e3ba,683d8d05c709d34c0311e4a3,683d8d05c709d34c0311e3ba,683d8d05c709d34c0311e4a3,683d8d05c709d34c0311e3ba,683d8d05c709d34c0311e4a3,Video cimentarius ut trado verumtamen vulgivagus vilis coepi deinde ustilo.,Clarus somnus voro alius capillus advenio statim consuasor.,Arma corona aequitas solum assumenda corrigo.,Tricesimus alo molestiae baiulus dolores ater.,Sui ter magni clementia auxilium nisi agnosco vulticulus.,Capio modi carus curso abutor contigo decerno.,2024-07-31T06:44:24.040Z,2024-07-31T06:44:59.405Z,2024-07-31T15:33:35.994Z,2024-08-01T01:14:37.132Z,2024-08-01T03:01:40.531Z,2024-08-01T06:51:29.475Z,false,true,true,true,true,true,,,,,,,ativa,2024-08-01T06:51:29.475Z,,
683d8d07c709d34c031201b2,683d8d06c709d34c0311ec0e,683d8d05c709d34c0311e29a,683d8d05c709d34c0311e49d,cliente,restaurante,cliente,restaurante,cliente,restaurante,683d8d05c709d34c0311e29a,683d8d05c709d34c0311e49d,683d8d05c709d34c0311e29a,683d8d05c709d34c0311e49d,683d8d05c709d34c0311e29a,683d8d05c709d34c0311e49d,Conventus utor maxime cavus caveo vitae.,Quisquam quod tracto abundans aestus tempus.,Campana vobis perspiciatis advoco.,Celer aureus vulgaris voluptate.,Similique torrens succedo aggredior venia vel volutabrum subito peccatus.,Cupio currus versus capitulus.,2024-10-10T20:51:24.631Z,2024-10-11T03:40:57.039Z,2024-10-11T06:31:25.401Z,2024-10-11T14:57:28.473Z,2024-10-11T16:34:14.635Z,2024-10-11T19:07:05.268Z,true,true,true,true,true,true,,,,,,,ativa,2024-10-11T19:07:05.268Z,,
683d8d07c709d34c031201b5,683d8d06c709d34c0311e9dd,683d8d05c709d34c0311e3c9,683d8d05c709d34c0311e47b,cliente,restaurante,cliente,,,,683d8d05c709d34c0311e3c9,683d8d05c709d34c0311e47b,683d8d05c709d34c0311e3c9,,,,Sunt corrumpo curiositas congregatio blanditiis vinitor.,Concedo tutamen defessus aedificium qui averto.,Causa callide torrens decumbo vetus.,,,,2025-05-04T21:35:56.151Z,2025-05-05T06:27:35.748Z,2025-05-05T13:53:03.781Z,,,,true,true,true,,,,,,,,,,ativa,2025-05-05T13:53:03.781Z,,
683d8d07c709d34c031201b7,683d8d06c709d34c0311eb49,683d8d05c709d34c0311e2cf,683d8d05c709d34c0311e480,cliente,restaurante,cliente,restaurante,cliente,,683d8d05c709d34c0311e2cf,683d8d05c709d34c0311e480,683d8d05c709d34c0311e2cf,683d8d05c709d34c0311e480,683d8d05c709d34c0311e2cf,,Vomito aperiam cubicularis videlicet tot totidem complectus.,Consequuntur sumo sit talis assentator sursum careo sub.,Baiulus tergo truculenter adicio cruciamentum vitiosus amor quidem corona vorax.,Atqui sodalitas capillus termes venustas ad conforto crux constans tam.,Creta sponte ventito depromo clibanus summisse victoria cunctatio corrumpo cubo.,,2025-02-17T18:02:28.044Z,2025-02-17T20:09:28.394Z,2025-02-17T23:14:54.217Z,2025-02-18T08:41:08.907Z,2025-02-18T09:13:27.826Z,,true,true,true,false,true,,,,,,,,ativa,2025-02-18T09:13:27.826Z,,
683d8d07c709d34c031201ba,683d8d06c709d34c0311ea2c,683d8d05c709d34c0311e3fb,683d8d05c709d34c0311e49e,cliente,restaurante,cliente,,,,683d8d05c709d34c0311e3fb,683d8d05c709d34c0311e49e,683d8d05c709d34c0311e3fb,,,,Ocer ascit delinquo necessitatibus argentum teneo vacuus debeo conservo.,Usitas repellat neque considero approbo timidus.,Voco vapulus deficio theca statim.,,,,2024-10-10T09:01:33.572Z,2024-10-10T11:16:42.410Z,2024-10-10T21:17:43.428Z,,,,true,true,true,,,,,,,,,,ativa,2024-10-10T21:17:43.428Z,,
683d8d07c709d34c031201c5,683d8d06c709d34c0311eb61,683d8d05c709d34c0311e449,683d8d05c709d34c0311e49d,cliente,restaurante,,,,,683d8d05c709d34c0311e449,683d8d05c709d34c0311e49d,,,,,Confero voluptas autem nobis sophismata beatae.,Succurro cohibeo voluptates teres.,,,,,2024-07-10T16:48:54.529Z,2024-07-11T01:52:05.824Z,,,,,true,true,,,,,,,,,,,ativa,2024-07-11T01:52:05.824Z,,
683d8d07c709d34c031201d4,683d8d06c709d34c0311ebf5,683d8d05c709d34c0311e44d,683d8d05c709d34c0311e4a2,cliente,restaurante,cliente,,,,683d8d05c709d34c0311e44d,683d8d05c709d34c0311e4a2,683d8d05c709d34c0311e44d,,,,Infit amaritudo tumultus volaticus.,Xiphias sublime ars.,Cum quaerat usus quas aestas adipisci cultellus cenaculum clamo.,,,,2024-11-21T01:09:53.006Z,2024-11-21T06:33:06.945Z,2024-11-21T12:18:08.070Z,,,,true,false,true,,,,,,,,,,ativa,2024-11-21T12:18:08.070Z,,
683d8d07c709d34c031201db,683d8d06c709d34c0311e891,683d8d05c709d34c0311e285,683d8d05c709d34c0311e48c,cliente,restaurante,cliente,restaurante,,,683d8d05c709d34c0311e285,683d8d05c709d34c0311e48c,683d8d05c709d34c0311e285,683d8d05c709d34c0311e48c,,,Callide demergo caecus.,Tendo carmen conspergo carbo ad vobis fugiat theca decimus arcesso.,Adiuvo cicuta cras carpo ulterius arbor stultus deorsum allatus.,Civitas animadverto aequitas cribro fuga celer victus.,,,2024-09-09T22:12:14.060Z,2024-09-09T22:50:20.171Z,2024-09-10T00:52:25.508Z,2024-09-10T09:45:13.279Z,,,true,true,false,true,,,,,,,,,ativa,2024-09-10T09:45:13.279Z,,
683d8d07c709d34c031201dc,683d8d06c709d34c0311e9f6,683d8d05c709d34c0311e2c5,683d8d05c709d34c0311e492,cliente,restaurante,cliente,restaurante,cliente,restaurante,683d8d05c709d34c0311e2c5,683d8d05c709d34c0311e492,683d8d05c709d34c0311e2c5,683d8d05c709d34c0311e492,683d8d05c709d34c0311e2c5,683d8d05c709d34c0311e492,Sustineo clam amissio denuncio deinde apparatus synagoga derideo.,Amplus acies talio occaecati ullus spero.,Tantillus a sol suscipio bellicus.,Delinquo aperte deinde tendo laudantium agnosco.,Adsuesco deputo tutis recusandae altus speculum taedium thymbra substantia.,Cognomen ter combibo dolorum vorax.,2024-12-05T23:59:04.885Z,2024-12-06T04:50:32.883Z,2024-12-06T08:13:07.240Z,2024-12-06T13:37:24.746Z,2024-12-07T00:20:53.775Z,2024-12-07T11:20:55.028Z,true,true,true,true,true,false,,,,,,,ativa,2024-12-07T11:20:55.028Z,,
683d8d07c709d34c031201dd,683d8d06c709d34c0311eca4,683d8d05c709d34c0311e3b2,683d8d05c709d34c0311e498,cliente,restaurante,cliente,,,,683d8d05c709d34c0311e3b2,683d8d05c709d34c0311e498,683d8d05c709d34c0311e3b2,,,,Cogo spiculum placeat color artificiose correptius.,Ager sed depraedor ait aequitas nesciunt blanditiis.,Averto decimus dedico aestas.,,,,2025-01-03T04:24:59.789Z,2025-01-03T09:11:51.028Z,2025-01-03T14:48:37.927Z,,,,true,false,true,,,,,,,,,,ativa,2025-01-03T14:48:37.927Z,,
683d8d07c709d34c031201de,683d8d06c709d34c0311e9da,683d8d05c709d34c0311e3ff,683d8d05c709d34c0311e484,cliente,restaurante,cliente,restaurante,,,683d8d05c709d34c0311e3ff,683d8d05c709d34c0311e484,683d8d05c709d34c0311e3ff,683d8d05c709d34c0311e484,,,Damnatio utroque decumbo culpo synagoga admoveo.,Ulterius summisse candidus ubi.,Decerno ver magni vulgus ante solus decerno coma adiuvo.,Possimus caelum similique spargo.,,,2024-10-30T12:39:04.519Z,2024-10-30T13:15:34.137Z,2024-10-30T21:03:50.974Z,2024-10-31T07:37:14.504Z,,,true,true,true,true,,,,,,,,,ativa,2024-10-31T07:37:14.504Z,,
683d8d07c709d34c031201ea,683d8d06c709d34c0311e95a,683d8d05c709d34c0311e29e,683d8d05c709d34c0311e477,cliente,restaurante,cliente,restaurante,cliente,restaurante,683d8d05c709d34c0311e29e,683d8d05c709d34c0311e477,683d8d05c709d34c0311e29e,683d8d05c709d34c0311e477,683d8d05c709d34c0311e29e,683d8d05c709d34c0311e477,Esse deduco vitium aetas.,Constans debitis subiungo dapifer acsi spiritus solus super beatae terga.,Adulescens laboriosam ea thymum.,Adeo admoveo carbo aro una distinctio desipio versus supra aufero.,Comburo coerceo celo tristis canis adipisci ultio.,Distinctio debeo pax toties tamisium astrum umerus architecto.,2025-01-11T22:00:09.370Z,2025-01-11T22:10:03.318Z,2025-01-12T08:40:58.569Z,2025-01-12T18:19:34.676Z,2025-01-13T01:18:59.028Z,2025-01-13T12:43:23.705Z,true,false,false,false,true,true,,,,,,,ativa,2025-01-13T12:43:23.705Z,,
683d8d07c709d34c031201ec,683d8d06c709d34c0311eac5,683d8d05c709d34c0311e469,683d8d05c709d34c0311e482,cliente,restaurante,cliente,restaurante,cliente,restaurante,683d8d05c709d34c0311e469,683d8d05c709d34c0311e482,683d8d05c709d34c0311e469,683d8d05c709d34c0311e482,683d8d05c709d34c0311e469,683d8d05c709d34c0311e482,Aqua neque eligendi deorsum curis chirographum demitto.,Praesentium alii aduro crebro.,Crinis despecto reprehenderit adopto deleniti adopto crustulum beneficium barba vel.,Cohaero fuga accusantium sustineo aeneus trans taceo auctor vinitor cubo.,Amor cupiditate subito ipsam.,Tero calamitas peior.,2025-03-25T07:26:38.629Z,2025-03-25T19:22:06.787Z,2025-03-26T00:17:31.044Z,2025-03-26T02:41:09.917Z,2025-03-26T10:11:13.672Z,2025-03-26T10:43:49.721Z,true,false,true,true,true,true,,,,,,,ativa,2025-03-26T10:43:49.721Z,,
683d8d07c709d34c031201ed,683d8d06c709d34c0311ed51,683d8d05c709d34c0311e39e,683d8d05c709d34c0311e4a7,cliente,restaurante,cliente,restaurante,,,683d8d05c709d34c0311e39e,683d8d05c709d34c0311e4a7,683d8d05c709d34c0311e39e,683d8d05c709d34c0311e4a7,,,Deludo deserunt tego sordeo curso asper utpote esse tracto ducimus.,Amor uredo terga vorax solum apparatus abstergo.,Surculus comparo desidero vado asperiores amor attollo depereo virtus doloribus.,Ager vespillo acervus.,,,2025-05-16T09:51:49.006Z,2025-05-16T20:09:22.108Z,2025-05-17T03:31:31.773Z,2025-05-17T05:13:24.721Z,,,true,true,false,true,,,,,,,,,ativa,2025-05-17T05:13:24.721Z,,
683d8d07c709d34c03120163,683d8d06c709d34c0311ed26,683d8d05c709d34c0311e3dc,683d8d05c709d34c0311e4a5,cliente,restaurante,cliente,,,,683d8d05c709d34c0311e3dc,683d8d05c709d34c0311e4a5,683d8d05c709d34c0311e3dc,,,,Coruscus depopulo suadeo theologus timor templum depopulo creptio vester celer.,Aliquid modi denego adstringo abeo uberrime angelus veniam somnus.,Patria toties cauda iste vix centum apto reiciendis tantillus vorago.,,,,2025-04-29T07:55:44.625Z,2025-04-29T16:35:26.255Z,2025-04-29T23:34:02.318Z,,,,false,false,true,,,,,,,,,,ativa,2025-04-29T23:34:02.318Z,,
683d8d07c709d34c03120169,683d8d06c709d34c0311e99c,683d8d05c709d34c0311e362,683d8d05c709d34c0311e4a0,cliente,restaurante,cliente,,,,683d8d05c709d34c0311e362,683d8d05c709d34c0311e4a0,683d8d05c709d34c0311e362,,,,Censura contra angelus sed umbra ultra aduro libero ipsa consuasor.,Maiores caelum aedificium crur rerum sequi tonsor quae tergum.,Vicinus adnuo ager vicissitudo cunabula consequatur cupressus beatae cariosus sufficio.,,,,2024-11-18T11:47:13.011Z,2024-11-18T19:24:28.820Z,2024-11-18T21:01:00.740Z,,,,false,true,true,,,,,,,,,,ativa,2024-11-18T21:01:00.740Z,,
683d8d07c709d34c0312016a,683d8d06c709d34c0311ea08,683d8d05c709d34c0311e2e2,683d8d05c709d34c0311e487,cliente,restaurante,cliente,,,,683d8d05c709d34c0311e2e2,683d8d05c709d34c0311e487,683d8d05c709d34c0311e2e2,,,,Vita utique quia creator animi teres tantum caritas tabella.,Cena minus arguo altus surculus thalassinus amicitia.,Amitto deputo deporto cohaero cubicularis.,,,,2025-01-22T02:12:04.308Z,2025-01-22T12:21:33.526Z,2025-01-22T14:48:03.871Z,,,,true,false,false,,,,,,,,,,ativa,2025-01-22T14:48:03.871Z,,
683d8d07c709d34c0312016d,683d8d06c709d34c0311eb0e,683d8d05c709d34c0311e448,683d8d05c709d34c0311e48d,cliente,restaurante,cliente,,,,683d8d05c709d34c0311e448,683d8d05c709d34c0311e48d,683d8d05c709d34c0311e448,,,,Carmen sequi defetiscor brevis armarium thymum abduco clamo crux.,Autem desidero versus fugiat.,Pauci placeat adicio cribro attonbitus coaegresco varius considero.,,,,2025-03-10T16:25:44.490Z,2025-03-10T16:38:51.002Z,2025-03-10T23:56:19.200Z,,,,false,true,true,,,,,,,,,,ativa,2025-03-10T23:56:19.200Z,,
683d8d07c709d34c0312016e,683d8d06c709d34c0311e837,683d8d05c709d34c0311e42a,683d8d05c709d34c0311e47f,cliente,restaurante,cliente,,,,683d8d05c709d34c0311e42a,683d8d05c709d34c0311e47f,683d8d05c709d34c0311e42a,,,,Cursus crinis spectaculum sollicito similique charisma.,Desipio tener certe defero tantillus ea vulticulus cogito terga nisi.,Tamdiu fugiat vicinus sonitus illum desparatus aurum demoror.,,,,2024-08-13T18:14:10.008Z,2024-08-13T21:47:57.599Z,2024-08-14T05:54:52.132Z,,,,true,true,true,,,,,,,,,,ativa,2024-08-14T05:54:52.132Z,,
683d8d07c709d34c03120170,683d8d06c709d34c0311ede8,683d8d05c709d34c0311e325,683d8d05c709d34c0311e4a2,cliente,restaurante,cliente,,,,683d8d05c709d34c0311e325,683d8d05c709d34c0311e4a2,683d8d05c709d34c0311e325,,,,Candidus synagoga cotidie nostrum.,Verus amor studio utpote complectus cimentarius adfero.,Quasi itaque utpote verbera eos vel vulnus supra.,,,,2025-01-24T03:23:48.607Z,2025-01-24T09:01:42.588Z,2025-01-24T15:58:12.059Z,,,,true,true,false,,,,,,,,,,ativa,2025-01-24T15:58:12.059Z,,
683d8d07c709d34c03120174,683d8d06c709d34c0311e91c,683d8d05c709d34c0311e3a7,683d8d05c709d34c0311e480,cliente,restaurante,cliente,,,,683d8d05c709d34c0311e3a7,683d8d05c709d34c0311e480,683d8d05c709d34c0311e3a7,,,,Vergo demens creber pauper ter sperno cibo.,Cultellus tollo debilito quis cunabula curia thesis facere sodalitas compello.,Saepe dicta verecundia vulpes inflammatio amor vir crebro curis.,,,,2024-08-15T06:43:02.768Z,2024-08-15T13:05:14.029Z,2024-08-15T14:26:00.018Z,,,,true,true,true,,,,,,,,,,ativa,2024-08-15T14:26:00.018Z,,
683d8d07c709d34c0312017a,683d8d06c709d34c0311ec04,683d8d05c709d34c0311e294,683d8d05c709d34c0311e493,cliente,restaurante,cliente,restaurante,cliente,restaurante,683d8d05c709d34c0311e294,683d8d05c709d34c0311e493,683d8d05c709d34c0311e294,683d8d05c709d34c0311e493,683d8d05c709d34c0311e294,683d8d05c709d34c0311e493,Cena cattus clibanus tyrannus coruscus tutis coniuratio color corrumpo.,Contigo consuasor decretum.,Eius voluntarius teneo pauper deserunt beneficium adiuvo allatus.,Armarium urbs vivo corrigo asporto vestrum deporto surgo confugo.,Via aperiam eos animus colo.,Benigne quasi natus.,2024-10-17T12:21:25.470Z,2024-10-17T18:23:32.635Z,2024-10-17T19:37:21.715Z,2024-10-17T23:57:26.467Z,2024-10-18T04:52:08.203Z,2024-10-18T06:21:57.287Z,true,true,true,false,true,true,,,,,,,ativa,2024-10-18T06:21:57.287Z,,
683d8d07c709d34c0312017b,683d8d06c709d34c0311e974,683d8d05c709d34c0311e2f7,683d8d05c709d34c0311e48a,cliente,restaurante,cliente,restaurante,,,683d8d05c709d34c0311e2f7,683d8d05c709d34c0311e48a,683d8d05c709d34c0311e2f7,683d8d05c709d34c0311e48a,,,Crapula terreo capitulus velociter condico cuppedia abscido.,Cursus catena canto villa catena deputo solium cubicularis varius aut.,Amissio textilis cenaculum.,Trepide custodia velum aperte ambulo conspergo vilitas acervus anser.,,,2024-09-22T13:03:16.599Z,2024-09-22T17:52:33.066Z,2024-09-23T01:11:42.938Z,2024-09-23T05:03:27.850Z,,,true,true,true,true,,,,,,,,,ativa,2024-09-23T05:03:27.850Z,,
683d8d07c709d34c03120182,683d8d06c709d34c0311ed15,683d8d05c709d34c0311e2e4,683d8d05c709d34c0311e496,cliente,restaurante,,,,,683d8d05c709d34c0311e2e4,683d8d05c709d34c0311e496,,,,,Catena reprehenderit tamquam aureus.,Adflicto ascisco vicissitudo ad suscipit cubo confugo.,,,,,2024-10-22T11:04:54.893Z,2024-10-22T21:41:39.967Z,,,,,true,true,,,,,,,,,,,ativa,2024-10-22T21:41:39.967Z,,
683d8d07c709d34c03120184,683d8d06c709d34c0311ed68,683d8d05c709d34c0311e325,683d8d05c709d34c0311e484,cliente,restaurante,cliente,restaurante,cliente,restaurante,683d8d05c709d34c0311e325,683d8d05c709d34c0311e484,683d8d05c709d34c0311e325,683d8d05c709d34c0311e484,683d8d05c709d34c0311e325,683d8d05c709d34c0311e484,Accommodo vivo casso.,Thema arcus videlicet paulatim vigor vereor.,Sit curis anser bibo confugo advenio valeo cubo.,Pecus alias laborum repellendus apostolus verbera varius canonicus.,Copia amitto studio suscipit minus ventus advoco cras.,Numquam spero conforto officia administratio labore tumultus ante.,2024-12-28T09:58:31.483Z,2024-12-28T20:15:57.405Z,2024-12-29T03:28:22.461Z,2024-12-29T13:39:02.766Z,2024-12-29T23:59:40.989Z,2024-12-30T10:41:14.920Z,true,true,false,true,true,true,,,,,,,ativa,2024-12-30T10:41:14.920Z,,
683d8d07c709d34c03120185,683d8d06c709d34c0311e9a5,683d8d05c709d34c0311e417,683d8d05c709d34c0311e4a5,cliente,restaurante,cliente,restaurante,cliente,restaurante,683d8d05c709d34c0311e417,683d8d05c709d34c0311e4a5,683d8d05c709d34c0311e417,683d8d05c709d34c0311e4a5,683d8d05c709d34c0311e417,683d8d05c709d34c0311e4a5,Clam delinquo coadunatio.,Comparo acceptus complectus auditor aspernatur suggero.,Venustas desidero astrum aegrus tondeo.,Vinculum carmen crapula dolore sponte.,Demens ocer tabgo alioqui sto accusator amaritudo vinum.,Ager verumtamen titulus ubi ait vix aureus rerum.,2025-01-23T10:50:25.613Z,2025-01-23T15:23:39.908Z,2025-01-24T01:37:33.514Z,2025-01-24T05:32:22.762Z,2025-01-24T14:09:17.091Z,2025-01-24T14:29:46.438Z,true,false,true,true,true,true,,,,,,,ativa,2025-01-24T14:29:46.438Z,,
683d8d07c709d34c0312018b,683d8d06c709d34c0311e8cf,683d8d05c709d34c0311e2a3,683d8d05c709d34c0311e47d,cliente,restaurante,cliente,restaurante,cliente,,683d8d05c709d34c0311e2a3,683d8d05c709d34c0311e47d,683d8d05c709d34c0311e2a3,683d8d05c709d34c0311e47d,683d8d05c709d34c0311e2a3,,Alius derelinquo antiquus.,Utrimque sint ait cariosus aggredior avarus solitudo crux pecto.,Cunabula tergum desidero demonstro speciosus volaticus cuppedia strues cupiditas.,Vestigium degero voco necessitatibus.,Aspicio tenus calco assentator.,,2025-03-27T14:30:21.922Z,2025-03-27T22:47:17.123Z,2025-03-28T08:03:14.442Z,2025-03-28T19:45:20.047Z,2025-03-29T00:52:28.699Z,,false,true,false,false,true,,,,,,,,ativa,2025-03-29T00:52:28.699Z,,
683d8d07c709d34c0312018c,683d8d06c709d34c0311ebde,683d8d05c709d34c0311e3a2,683d8d05c709d34c0311e494,cliente,restaurante,cliente,,,,683d8d05c709d34c0311e3a2,683d8d05c709d34c0311e494,683d8d05c709d34c0311e3a2,,,,Clementia audentia cultellus colligo labore impedit approbo itaque ullus.,Adsum vulariter tui.,Atque cupressus causa versus spiritus bellicus blanditiis capto addo veniam.,,,,2024-06-12T07:43:47.563Z,2024-06-12T17:45:38.131Z,2024-06-12T18:53:35.205Z,,,,true,false,false,,,,,,,,,,ativa,2024-06-12T18:53:35.205Z,,
683d8d07c709d34c0312018f,683d8d06c709d34c0311e9cd,683d8d05c709d34c0311e404,683d8d05c709d34c0311e47c,cliente,restaurante,cliente,,,,683d8d05c709d34c0311e404,683d8d05c709d34c0311e47c,683d8d05c709d34c0311e404,,,,Denego corporis tui cattus tabgo tabgo patrocinor cito.,Praesentium caveo supellex beatae contra fuga audentia quasi.,Textilis appello cenaculum cunabula cohors concido.,,,,2025-05-26T09:50:42.682Z,2025-05-26T20:40:06.486Z,2025-05-27T03:32:35.523Z,,,,true,true,true,,,,,,,,,,ativa,2025-05-27T03:32:35.523Z,,
683d8d07c709d34c03120196,683d8d06c709d34c0311eb19,683d8d05c709d34c0311e32d,683d8d05c709d34c0311e48b,cliente,restaurante,cliente,restaurante,cliente,,683d8d05c709d34c0311e32d,683d8d05c709d34c0311e48b,683d8d05c709d34c0311e32d,683d8d05c709d34c0311e48b,683d8d05c709d34c0311e32d,,In deorsum utique uxor degusto optio utrimque vereor.,Corroboro defessus solum conitor volaticus vel.,Spoliatio tametsi ait demitto timidus adnuo cubo usque rem aggero.,Verbum combibo demonstro canonicus defendo aliqua solum voluptates casso validus.,Careo suffoco vinitor constans sonitus uredo.,,2025-02-18T12:37:28.356Z,2025-02-18T16:29:49.864Z,2025-02-18T16:45:06.865Z,2025-02-18T17:54:45.992Z,2025-02-18T23:28:18.928Z,,true,true,true,true,true,,,,,,,,ativa,2025-02-18T23:28:18.928Z,,
683d8d07c709d34c0312019a,683d8d06c709d34c0311e91a,683d8d05c709d34c0311e323,683d8d05c709d34c0311e49e,cliente,restaurante,cliente,restaurante,cliente,restaurante,683d8d05c709d34c0311e323,683d8d05c709d34c0311e49e,683d8d05c709d34c0311e323,683d8d05c709d34c0311e49e,683d8d05c709d34c0311e323,683d8d05c709d34c0311e49e,Verus correptius ante appono calculus adsuesco arma atque.,Valens aut iusto apparatus deripio demulceo.,Credo universe veritas porro.,Conscendo sequi amissio cado delinquo sublime cilicium uter.,Vicinus studio audax cariosus arx quos certe.,Molestias contego reiciendis.,2024-12-24T05:31:14.059Z,2024-12-24T13:27:23.826Z,2024-12-24T22:31:11.587Z,2024-12-25T01:33:11.037Z,2024-12-25T10:52:02.653Z,2024-12-25T21:07:38.323Z,true,false,true,true,true,true,,,,,,,ativa,2024-12-25T21:07:38.323Z,,
683d8d07c709d34c031201a3,683d8d06c709d34c0311eb67,683d8d05c709d34c0311e2f2,683d8d05c709d34c0311e483,cliente,restaurante,cliente,,,,683d8d05c709d34c0311e2f2,683d8d05c709d34c0311e483,683d8d05c709d34c0311e2f2,,,,Pecto constans angustus calcar asper advoco speculum expedita.,Dedico vulnus depopulo tandem summa vigilo aequus aliquid.,Victus accusamus deorsum adhuc circumvenio.,,,,2024-11-17T11:11:22.228Z,2024-11-17T15:10:40.090Z,2024-11-17T16:27:51.732Z,,,,true,true,true,,,,,,,,,,ativa,2024-11-17T16:27:51.732Z,,
683d8d07c709d34c031201a4,683d8d06c709d34c0311edb8,683d8d05c709d34c0311e35d,683d8d05c709d34c0311e47e,cliente,restaurante,cliente,,,,683d8d05c709d34c0311e35d,683d8d05c709d34c0311e47e,683d8d05c709d34c0311e35d,,,,Alias constans tristis corporis accusamus caries adfectus perferendis adhuc.,Tripudio auctus vestigium compello allatus aggero ascit.,Degusto accendo clementia adulatio.,,,,2025-04-20T20:58:01.211Z,2025-04-21T00:39:04.406Z,2025-04-21T03:32:21.777Z,,,,true,true,true,,,,,,,,,,ativa,2025-04-21T03:32:21.777Z,,
683d8d07c709d34c031201aa,683d8d06c709d34c0311ed79,683d8d05c709d34c0311e2a0,683d8d05c709d34c0311e491,cliente,restaurante,cliente,restaurante,,,683d8d05c709d34c0311e2a0,683d8d05c709d34c0311e491,683d8d05c709d34c0311e2a0,683d8d05c709d34c0311e491,,,Solum tepidus curia vinculum patrocinor denego comis deripio conduco agnosco.,Cunae velut cresco.,Defluo vinco accommodo credo sono causa audax.,Textus calamitas arbustum verbum demitto.,,,2024-10-10T02:23:34.738Z,2024-10-10T02:37:28.513Z,2024-10-10T07:41:58.709Z,2024-10-10T09:40:51.975Z,,,true,true,true,true,,,,,,,,,ativa,2024-10-10T09:40:51.975Z,,
683d8d07c709d34c031201b8,683d8d06c709d34c0311eccb,683d8d05c709d34c0311e294,683d8d05c709d34c0311e49f,cliente,restaurante,cliente,restaurante,,,683d8d05c709d34c0311e294,683d8d05c709d34c0311e49f,683d8d05c709d34c0311e294,683d8d05c709d34c0311e49f,,,Apostolus denique molestias acerbitas excepturi comis capitulus spes asporto.,Suus vix patruus aspicio artificiose cohibeo cenaculum artificiose ascisco.,Coniecto aperio natus ait demitto adopto decor.,Bestia blanditiis arbor trepide cernuus.,,,2025-03-16T22:53:46.279Z,2025-03-17T00:05:33.022Z,2025-03-17T11:03:41.928Z,2025-03-17T11:16:46.185Z,,,true,false,false,false,,,,,,,,,ativa,2025-03-17T11:16:46.185Z,,
683d8d07c709d34c031201b9,683d8d06c709d34c0311ea85,683d8d05c709d34c0311e469,683d8d05c709d34c0311e4a0,cliente,restaurante,,,,,683d8d05c709d34c0311e469,683d8d05c709d34c0311e4a0,,,,,Voluptatem tertius sopor aspicio vulariter concedo vulgaris utpote.,Validus cometes alveus pauci ambulo velit abduco acies pectus.,,,,,2024-10-04T04:59:56.153Z,2024-10-04T10:04:00.581Z,,,,,true,true,,,,,,,,,,,ativa,2024-10-04T10:04:00.581Z,,
683d8d07c709d34c031201bb,683d8d06c709d34c0311ec39,683d8d05c709d34c0311e293,683d8d05c709d34c0311e4a3,cliente,restaurante,cliente,restaurante,cliente,,683d8d05c709d34c0311e293,683d8d05c709d34c0311e4a3,683d8d05c709d34c0311e293,683d8d05c709d34c0311e4a3,683d8d05c709d34c0311e293,,Sumptus conitor apto demitto fugiat blanditiis vere teres.,Tibi cribro modi optio sopor consequatur.,Aduro via possimus quos altus defessus vis curis cattus.,Accusator minus pauper quaerat super.,Advoco cruentus cubicularis stabilis bis venia calcar.,,2024-08-01T07:34:15.802Z,2024-08-01T15:33:15.254Z,2024-08-01T21:06:04.805Z,2024-08-02T08:56:23.696Z,2024-08-02T17:18:05.521Z,,true,true,true,false,true,,,,,,,,ativa,2024-08-02T17:18:05.521Z,,
683d8d07c709d34c031201bd,683d8d06c709d34c0311ebe1,683d8d05c709d34c0311e292,683d8d05c709d34c0311e494,cliente,restaurante,cliente,restaurante,cliente,,683d8d05c709d34c0311e292,683d8d05c709d34c0311e494,683d8d05c709d34c0311e292,683d8d05c709d34c0311e494,683d8d05c709d34c0311e292,,Celo sponte trepide summopere truculenter confero.,Defero coerceo talis urbs defero adipisci.,Vulgaris coerceo ipsa viscus teneo.,Conatus cito clibanus quod dedecor recusandae vilis voluptas bibo consuasor.,Timidus suffragium rem vinum cursim textilis ambitus clibanus commodi.,,2024-06-18T15:42:36.480Z,2024-06-18T17:05:19.857Z,2024-06-19T01:50:40.838Z,2024-06-19T09:29:46.999Z,2024-06-19T21:17:02.509Z,,true,true,false,false,true,,,,,,,,ativa,2024-06-19T21:17:02.509Z,,
683d8d07c709d34c031201bf,683d8d06c709d34c0311ea37,683d8d05c709d34c0311e410,683d8d05c709d34c0311e488,cliente,restaurante,cliente,restaurante,cliente,,683d8d05c709d34c0311e410,683d8d05c709d34c0311e488,683d8d05c709d34c0311e410,683d8d05c709d34c0311e488,683d8d05c709d34c0311e410,,Patrocinor ustilo ater urbs callide dedecor vicinus cupressus velit deserunt.,Suadeo cedo tui video.,Curto assumenda vesper delibero aureus.,Vito amor cohibeo abscido acsi valens calco suus.,Virgo aegrotatio amplus vae vis casus crinis conitor somniculosus.,,2025-03-11T07:43:19.778Z,2025-03-11T11:35:39.718Z,2025-03-11T15:32:54.354Z,2025-03-11T21:26:37.916Z,2025-03-12T04:34:50.182Z,,true,false,true,true,false,,,,,,,,ativa,2025-03-12T04:34:50.182Z,,
683d8d07c709d34c031201c0,683d8d06c709d34c0311e984,683d8d05c709d34c0311e39f,683d8d05c709d34c0311e491,cliente,restaurante,cliente,,,,683d8d05c709d34c0311e39f,683d8d05c709d34c0311e491,683d8d05c709d34c0311e39f,,,,Taceo temperantia cubo antepono trucido sono carcer antiquus apostolus.,Temeritas arma capillus civitas quam pecco aureus quod vitium.,Ubi abundans rem amor sopor comedo ambulo decretum facere contego.,,,,2024-10-25T15:11:23.926Z,2024-10-26T00:22:12.138Z,2024-10-26T11:03:40.639Z,,,,true,true,true,,,,,,,,,,ativa,2024-10-26T11:03:40.639Z,,
683d8d07c709d34c031201c1,683d8d06c709d34c0311e991,683d8d05c709d34c0311e284,683d8d05c709d34c0311e48d,cliente,restaurante,cliente,restaurante,cliente,restaurante,683d8d05c709d34c0311e284,683d8d05c709d34c0311e48d,683d8d05c709d34c0311e284,683d8d05c709d34c0311e48d,683d8d05c709d34c0311e284,683d8d05c709d34c0311e48d,Tollo vulnero concedo deprecator campana.,Delicate clibanus theologus bardus patruus quisquam votum vinum.,Defluo carpo clementia demulceo.,Cultellus tergeo curis rerum adeptio absconditus.,Suppono comparo nam.,Comminor nisi cattus celebrer barba et atavus triduana demergo acquiro.,2025-03-31T14:33:24.780Z,2025-03-31T17:35:23.970Z,2025-03-31T20:26:54.522Z,2025-04-01T07:00:55.648Z,2025-04-01T15:01:44.558Z,2025-04-01T16:21:10.257Z,true,true,true,true,true,false,,,,,,,ativa,2025-04-01T16:21:10.257Z,,
683d8d07c709d34c031201c2,683d8d06c709d34c0311e970,683d8d05c709d34c0311e35d,683d8d05c709d34c0311e4a5,cliente,restaurante,cliente,,,,683d8d05c709d34c0311e35d,683d8d05c709d34c0311e4a5,683d8d05c709d34c0311e35d,,,,Subseco voluptas thalassinus bellum creator.,Animi quo vivo verecundia barba perspiciatis umerus nostrum tenuis bestia.,Tempus eveniet damno caelestis.,,,,2025-04-10T19:00:18.837Z,2025-04-11T01:29:17.925Z,2025-04-11T03:24:56.302Z,,,,true,false,true,,,,,,,,,,ativa,2025-04-11T03:24:56.302Z,,
683d8d07c709d34c031201c7,683d8d06c709d34c0311e92b,683d8d05c709d34c0311e425,683d8d05c709d34c0311e4a6,cliente,restaurante,cliente,restaurante,cliente,restaurante,683d8d05c709d34c0311e425,683d8d05c709d34c0311e4a6,683d8d05c709d34c0311e425,683d8d05c709d34c0311e4a6,683d8d05c709d34c0311e425,683d8d05c709d34c0311e4a6,Arcesso crebro consuasor.,Soleo suus vulgo quidem aveho praesentium cena ver adsidue.,Depopulo nulla accusamus statua inflammatio dedico cibo una.,Vomica adhaero calcar recusandae adiuvo aedificium suscipio ter.,Quis solus contego patria deludo amet patior defleo vulariter.,Velut cavus quibusdam aperte.,2025-03-15T13:45:16.177Z,2025-03-15T21:45:56.581Z,2025-03-16T01:43:32.253Z,2025-03-16T06:02:30.705Z,2025-03-16T12:34:37.075Z,2025-03-16T17:10:58.712Z,true,true,true,true,false,false,,,,,,,ativa,2025-03-16T17:10:58.712Z,,
683d8d07c709d34c031201c8,683d8d06c709d34c0311ea84,683d8d05c709d34c0311e436,683d8d05c709d34c0311e49d,cliente,restaurante,cliente,restaurante,,,683d8d05c709d34c0311e436,683d8d05c709d34c0311e49d,683d8d05c709d34c0311e436,683d8d05c709d34c0311e49d,,,Demo pauper contra tenetur cuius.,Vespillo thesaurus amor.,Repellat vulticulus voluptatum stultus quod velum virtus vergo ara.,Cruciamentum avaritia absque perferendis spoliatio beatus quidem commodo conicio.,,,2025-02-26T07:31:23.098Z,2025-02-26T16:18:39.391Z,2025-02-27T03:03:38.550Z,2025-02-27T06:43:18.126Z,,,true,true,false,false,,,,,,,,,ativa,2025-02-27T06:43:18.126Z,,
683d8d07c709d34c031201cc,683d8d06c709d34c0311ed96,683d8d05c709d34c0311e428,683d8d05c709d34c0311e488,cliente,restaurante,cliente,,,,683d8d05c709d34c0311e428,683d8d05c709d34c0311e488,683d8d05c709d34c0311e428,,,,Facere vix tandem caveo claustrum suadeo dedecor super.,Patior ulciscor videlicet numquam depromo optio comburo.,Sopor adstringo vespillo urbs.,,,,2024-07-01T05:18:24.593Z,2024-07-01T16:25:18.425Z,2024-07-02T00:11:12.230Z,,,,true,true,true,,,,,,,,,,ativa,2024-07-02T00:11:12.230Z,,
683d8d07c709d34c031201cd,683d8d06c709d34c0311e8a7,683d8d05c709d34c0311e2f3,683d8d05c709d34c0311e4a0,cliente,restaurante,cliente,restaurante,cliente,,683d8d05c709d34c0311e2f3,683d8d05c709d34c0311e4a0,683d8d05c709d34c0311e2f3,683d8d05c709d34c0311e4a0,683d8d05c709d34c0311e2f3,,Aliquid complectus sto vulnero.,Ulterius spes comis amplitudo conspergo quaerat acquiro.,Debeo dignissimos tametsi.,Thymum adeo aestivus absens arcesso tolero degusto ademptio.,Aestus compono conspergo collum aperio.,,2024-11-18T15:41:31.389Z,2024-11-19T00:47:23.268Z,2024-11-19T04:13:23.682Z,2024-11-19T06:51:15.378Z,2024-11-19T16:09:46.971Z,,false,true,false,true,true,,,,,,,,ativa,2024-11-19T16:09:46.971Z,,
683d8d07c709d34c031201ce,683d8d06c709d34c0311e9ee,683d8d05c709d34c0311e31a,683d8d05c709d34c0311e47d,cliente,restaurante,cliente,,,,683d8d05c709d34c0311e31a,683d8d05c709d34c0311e47d,683d8d05c709d34c0311e31a,,,,Vado capillus varietas caput caput perspiciatis.,Explicabo cito molestiae termes ustilo tot tergum aegrus.,Super xiphias adhaero calcar patruus caveo absque sui.,,,,2025-05-15T05:29:21.899Z,2025-05-15T06:03:46.990Z,2025-05-15T10:10:45.227Z,,,,false,true,false,,,,,,,,,,ativa,2025-05-15T10:10:45.227Z,,
683d8d07c709d34c031201d2,683d8d06c709d34c0311ec30,683d8d05c709d34c0311e290,683d8d05c709d34c0311e49a,cliente,restaurante,,,,,683d8d05c709d34c0311e290,683d8d05c709d34c0311e49a,,,,,Auctor villa argentum avaritia demoror attollo.,A turpis volup carbo arx demum.,,,,,2025-03-09T15:32:04.290Z,2025-03-09T21:19:55.553Z,,,,,true,false,,,,,,,,,,,ativa,2025-03-09T21:19:55.553Z,,
683d8d07c709d34c031201d9,683d8d06c709d34c0311ea28,683d8d05c709d34c0311e2fb,683d8d05c709d34c0311e48b,cliente,restaurante,cliente,restaurante,cliente,,683d8d05c709d34c0311e2fb,683d8d05c709d34c0311e48b,683d8d05c709d34c0311e2fb,683d8d05c709d34c0311e48b,683d8d05c709d34c0311e2fb,,Sordeo valetudo eos usitas molestias ara aro.,Coepi ipsam aggredior.,Depromo comparo suspendo sumo ante.,Sublime conatus sortitus veniam barba modi callide deinde auxilium.,Vaco cunae sit collum denuncio odit veritatis repellendus.,,2025-04-25T05:29:57.898Z,2025-04-25T12:12:13.514Z,2025-04-25T13:34:17.598Z,2025-04-25T16:57:47.080Z,2025-04-26T03:11:23.497Z,,false,true,false,true,true,,,,,,,,ativa,2025-04-26T03:11:23.497Z,,
683d8d07c709d34c031201df,683d8d06c709d34c0311ea0c,683d8d05c709d34c0311e39d,683d8d05c709d34c0311e479,cliente,restaurante,cliente,restaurante,,,683d8d05c709d34c0311e39d,683d8d05c709d34c0311e479,683d8d05c709d34c0311e39d,683d8d05c709d34c0311e479,,,Arcesso magnam agnosco cado.,Esse ambulo cum degenero audentia cibo.,Comis compono abundans terreo sopor.,Textor coruscus arto despecto commodi quia volaticus celer concido dapifer.,,,2025-04-17T09:58:50.883Z,2025-04-17T11:09:47.352Z,2025-04-17T12:56:27.303Z,2025-04-17T21:58:31.289Z,,,true,true,true,true,,,,,,,,,ativa,2025-04-17T21:58:31.289Z,,
683d8d07c709d34c031201e0,683d8d06c709d34c0311e8ab,683d8d05c709d34c0311e340,683d8d05c709d34c0311e4a6,cliente,restaurante,cliente,restaurante,,,683d8d05c709d34c0311e340,683d8d05c709d34c0311e4a6,683d8d05c709d34c0311e340,683d8d05c709d34c0311e4a6,,,Libero sollicito vis delectatio.,Nemo impedit adficio vinum vilis vilitas ait vergo.,Facilis dignissimos utor amplitudo admoneo.,Deputo amor conatus vinculum cauda.,,,2024-11-06T02:47:39.299Z,2024-11-06T11:22:43.883Z,2024-11-06T19:50:10.983Z,2024-11-06T20:26:54.766Z,,,true,true,true,true,,,,,,,,,ativa,2024-11-06T20:26:54.766Z,,
683d8d07c709d34c031201e1,683d8d06c709d34c0311ebd6,683d8d05c709d34c0311e330,683d8d05c709d34c0311e47e,cliente,restaurante,cliente,restaurante,cliente,,683d8d05c709d34c0311e330,683d8d05c709d34c0311e47e,683d8d05c709d34c0311e330,683d8d05c709d34c0311e47e,683d8d05c709d34c0311e330,,Audax cito appono timor amaritudo.,Confero tamisium apostolus vehemens tertius decor taedium.,Complectus maxime coniecto voluptatum auxilium colligo deinde.,Thymbra depraedor cotidie decor tabella spectaculum ducimus deripio ago correptius.,Desipio tutamen delectatio ultra templum.,,2024-06-15T07:58:22.998Z,2024-06-15T09:23:50.304Z,2024-06-15T11:36:39.300Z,2024-06-15T21:05:50.712Z,2024-06-16T00:14:08.637Z,,false,true,true,false,true,,,,,,,,ativa,2024-06-16T00:14:08.637Z,,
683d8d07c709d34c031201e6,683d8d06c709d34c0311eb50,683d8d05c709d34c0311e3eb,683d8d05c709d34c0311e4a7,cliente,restaurante,cliente,restaurante,,,683d8d05c709d34c0311e3eb,683d8d05c709d34c0311e4a7,683d8d05c709d34c0311e3eb,683d8d05c709d34c0311e4a7,,,Suspendo theologus suggero talis auxilium vinum ascit quisquam compello.,Carbo asporto valetudo amicitia.,Vilicus aedificium crapula.,Trucido texo cedo.,,,2024-06-23T10:31:57.393Z,2024-06-23T15:39:24.279Z,2024-06-23T19:00:33.978Z,2024-06-23T21:33:33.368Z,,,false,false,false,true,,,,,,,,,ativa,2024-06-23T21:33:33.368Z,,
683d8d07c709d34c031201ee,683d8d06c709d34c0311ec4a,683d8d05c709d34c0311e34f,683d8d05c709d34c0311e489,cliente,restaurante,cliente,restaurante,,,683d8d05c709d34c0311e34f,683d8d05c709d34c0311e489,683d8d05c709d34c0311e34f,683d8d05c709d34c0311e489,,,Adulatio celer tactus conforto custodia sophismata cultura terga.,Adinventitias provident totam triumphus velit acies sui in coadunatio adaugeo.,Talus perferendis vobis numquam.,Cras vita statua velociter.,,,2024-12-09T10:13:57.292Z,2024-12-09T12:37:12.387Z,2024-12-09T19:52:16.121Z,2024-12-09T21:58:25.122Z,,,true,true,true,true,,,,,,,,,ativa,2024-12-09T21:58:25.122Z,,
683d8d07c709d34c031201f1,683d8d06c709d34c0311eb01,683d8d05c709d34c0311e321,683d8d05c709d34c0311e4a2,cliente,restaurante,cliente,,,,683d8d05c709d34c0311e321,683d8d05c709d34c0311e4a2,683d8d05c709d34c0311e321,,,,Ante thymum adeptio cuius.,Cattus sortitus umbra charisma blanditiis cuius cinis.,Temptatio officiis ventito quidem concido patior cilicium cattus aurum.,,,,2024-11-30T06:22:37.857Z,2024-11-30T16:25:47.755Z,2024-11-30T22:15:46.009Z,,,,true,false,true,,,,,,,,,,ativa,2024-11-30T22:15:46.009Z,,
683d8d07c709d34c031201f3,683d8d06c709d34c0311ec3c,683d8d05c709d34c0311e3d5,683d8d05c709d34c0311e482,cliente,restaurante,cliente,,,,683d8d05c709d34c0311e3d5,683d8d05c709d34c0311e482,683d8d05c709d34c0311e3d5,,,,Ipsam amita tactus acidus aro denique praesentium.,Ut celer adsuesco atavus pectus deprimo clarus.,Demitto arto conventus aedificium harum minus timor.,,,,2024-09-27T12:02:34.429Z,2024-09-27T20:20:20.716Z,2024-09-28T06:55:14.457Z,,,,true,true,true,,,,,,,,,,ativa,2024-09-28T06:55:14.457Z,,
683d8d07c709d34c03120165,683d8d06c709d34c0311ec80,683d8d05c709d34c0311e35d,683d8d05c709d34c0311e496,cliente,restaurante,cliente,restaurante,,,683d8d05c709d34c0311e35d,683d8d05c709d34c0311e496,683d8d05c709d34c0311e35d,683d8d05c709d34c0311e496,,,Desino testimonium deprecator curiositas cito vesco tersus conspergo explicabo.,Teneo modi studio ab comptus.,Acies suppono nobis.,Coepi sufficio crepusculum capio claustrum amplitudo curatio maiores.,,,2024-09-20T06:49:18.726Z,2024-09-20T09:13:34.715Z,2024-09-20T16:18:18.257Z,2024-09-20T19:49:36.310Z,,,false,true,true,true,,,,,,,,,ativa,2024-09-20T19:49:36.310Z,,
683d8d07c709d34c03120167,683d8d06c709d34c0311ecd4,683d8d05c709d34c0311e43b,683d8d05c709d34c0311e498,cliente,restaurante,,,,,683d8d05c709d34c0311e43b,683d8d05c709d34c0311e498,,,,,Calco comparo strenuus beatae dolorem concedo balbus complectus.,Accendo casus error vesco ascisco vulariter.,,,,,2024-06-06T01:40:00.647Z,2024-06-06T11:07:21.145Z,,,,,true,true,,,,,,,,,,,ativa,2024-06-06T11:07:21.145Z,,
683d8d07c709d34c0312016c,683d8d06c709d34c0311edaa,683d8d05c709d34c0311e2ce,683d8d05c709d34c0311e497,cliente,restaurante,cliente,restaurante,cliente,,683d8d05c709d34c0311e2ce,683d8d05c709d34c0311e497,683d8d05c709d34c0311e2ce,683d8d05c709d34c0311e497,683d8d05c709d34c0311e2ce,,Adflicto agnitio vix.,Inflammatio terminatio universe vacuus culpo adamo asperiores.,Attonbitus consuasor curiositas sumo sed sollicito tego thesis thymbra.,Voluptas adhaero defendo verumtamen iusto corroboro.,Esse supra conforto charisma amo ultio communis.,,2025-03-15T02:15:58.821Z,2025-03-15T07:46:59.819Z,2025-03-15T11:24:26.529Z,2025-03-15T13:58:49.648Z,2025-03-15T21:33:00.131Z,,true,true,true,false,true,,,,,,,,ativa,2025-03-15T21:33:00.131Z,,
683d8d07c709d34c0312016f,683d8d06c709d34c0311ea1c,683d8d05c709d34c0311e472,683d8d05c709d34c0311e4a2,cliente,restaurante,cliente,,,,683d8d05c709d34c0311e472,683d8d05c709d34c0311e4a2,683d8d05c709d34c0311e472,,,,Amor tunc antiquus titulus terebro audax quibusdam vitae fuga.,Nemo fugit tamquam terra ventus alo temptatio vigilo terror cultura.,Quasi videlicet at adaugeo confero.,,,,2025-03-02T23:23:50.688Z,2025-03-03T05:07:08.960Z,2025-03-03T13:41:54.398Z,,,,false,true,true,,,,,,,,,,ativa,2025-03-03T13:41:54.398Z,,
683d8d07c709d34c03120171,683d8d06c709d34c0311edeb,683d8d05c709d34c0311e436,683d8d05c709d34c0311e480,cliente,restaurante,,,,,683d8d05c709d34c0311e436,683d8d05c709d34c0311e480,,,,,Tamquam vinco cruciamentum sed tibi velociter civitas vix patrocinor.,Consectetur temporibus accendo.,,,,,2025-04-03T15:20:02.718Z,2025-04-03T21:31:08.913Z,,,,,true,true,,,,,,,,,,,ativa,2025-04-03T21:31:08.913Z,,
683d8d07c709d34c03120175,683d8d06c709d34c0311ed75,683d8d05c709d34c0311e2bb,683d8d05c709d34c0311e4a8,cliente,restaurante,cliente,restaurante,,,683d8d05c709d34c0311e2bb,683d8d05c709d34c0311e4a8,683d8d05c709d34c0311e2bb,683d8d05c709d34c0311e4a8,,,Amita vitiosus turbo barba sublime.,Amo demergo tribuo vulpes fuga cuius error necessitatibus.,Beatae caste alii averto arcus coma.,Vox statua deprecator.,,,2025-02-25T00:00:54.945Z,2025-02-25T07:36:59.305Z,2025-02-25T09:15:01.794Z,2025-02-25T11:55:59.970Z,,,true,true,false,true,,,,,,,,,ativa,2025-02-25T11:55:59.970Z,,
683d8d07c709d34c03120178,683d8d06c709d34c0311ec81,683d8d05c709d34c0311e3f0,683d8d05c709d34c0311e481,cliente,restaurante,,,,,683d8d05c709d34c0311e3f0,683d8d05c709d34c0311e481,,,,,Textus astrum conculco.,Animus cuppedia et quam aspicio.,,,,,2024-08-31T01:42:45.613Z,2024-08-31T04:02:53.196Z,,,,,true,true,,,,,,,,,,,ativa,2024-08-31T04:02:53.196Z,,
683d8d07c709d34c03120180,683d8d06c709d34c0311e998,683d8d05c709d34c0311e375,683d8d05c709d34c0311e48f,cliente,restaurante,cliente,restaurante,,,683d8d05c709d34c0311e375,683d8d05c709d34c0311e48f,683d8d05c709d34c0311e375,683d8d05c709d34c0311e48f,,,Tres eligendi candidus vulgus.,Substantia constans tabgo aeger confugo patior aveho vapulus attonbitus.,Aetas abscido calco cattus.,Comminor tempora convoco conturbo uberrime debitis.,,,2024-10-09T05:20:49.975Z,2024-10-09T11:48:04.843Z,2024-10-09T15:33:33.428Z,2024-10-09T19:59:10.920Z,,,true,true,false,true,,,,,,,,,ativa,2024-10-09T19:59:10.920Z,,
683d8d07c709d34c03120183,683d8d06c709d34c0311e856,683d8d05c709d34c0311e3ca,683d8d05c709d34c0311e496,cliente,restaurante,,,,,683d8d05c709d34c0311e3ca,683d8d05c709d34c0311e496,,,,,Dolores atrocitas cernuus antea carbo adstringo causa ascit vindico tantillus.,Confido decimus corroboro adeo universe patior vis.,,,,,2025-05-04T01:13:40.549Z,2025-05-04T11:00:26.414Z,,,,,true,true,,,,,,,,,,,ativa,2025-05-04T11:00:26.414Z,,
683d8d07c709d34c03120186,683d8d06c709d34c0311e9bb,683d8d05c709d34c0311e3a5,683d8d05c709d34c0311e496,cliente,restaurante,cliente,restaurante,cliente,,683d8d05c709d34c0311e3a5,683d8d05c709d34c0311e496,683d8d05c709d34c0311e3a5,683d8d05c709d34c0311e496,683d8d05c709d34c0311e3a5,,Articulus creptio vinum spectaculum thermae vorago beatae.,Tabula ratione aggredior crepusculum caste non soleo cito communis fuga.,Custodia capio velit certus.,Inflammatio trepide capio cunae virga abscido asper decumbo cotidie calcar.,Ullam dedecor sursum adduco cui adhuc ut.,,2025-02-17T09:19:37.358Z,2025-02-17T11:08:39.567Z,2025-02-17T21:06:23.410Z,2025-02-18T00:46:59.551Z,2025-02-18T05:25:17.920Z,,true,false,true,true,true,,,,,,,,ativa,2025-02-18T05:25:17.920Z,,
683d8d07c709d34c03120187,683d8d06c709d34c0311eace,683d8d05c709d34c0311e3f4,683d8d05c709d34c0311e496,cliente,restaurante,cliente,restaurante,cliente,restaurante,683d8d05c709d34c0311e3f4,683d8d05c709d34c0311e496,683d8d05c709d34c0311e3f4,683d8d05c709d34c0311e496,683d8d05c709d34c0311e3f4,683d8d05c709d34c0311e496,Summopere crepusculum cursim totidem non laborum.,Amor crudelis demonstro spectaculum adsum sequi amplus defessus calculus versus.,Cado canto maiores cresco adopto valeo cuppedia conforto aestus calcar.,Temperantia sursum aliquid nostrum utroque cursus suasoria.,Brevis accedo cibo fugiat inflammatio suggero aptus debitis pax bonus.,Amor aspernatur sto argumentum.,2024-12-10T15:48:16.739Z,2024-12-10T20:13:01.189Z,2024-12-10T23:42:47.179Z,2024-12-11T04:31:47.696Z,2024-12-11T05:02:43.770Z,2024-12-11T07:01:36.358Z,true,true,true,false,false,false,,,,,,,ativa,2024-12-11T07:01:36.358Z,,
683d8d07c709d34c03120188,683d8d06c709d34c0311e884,683d8d05c709d34c0311e33e,683d8d05c709d34c0311e48d,cliente,restaurante,,,,,683d8d05c709d34c0311e33e,683d8d05c709d34c0311e48d,,,,,Caute carcer dignissimos templum.,Dedecor quidem aqua vulnero admitto.,,,,,2024-07-21T05:12:40.066Z,2024-07-21T09:39:50.970Z,,,,,true,true,,,,,,,,,,,ativa,2024-07-21T09:39:50.970Z,,
683d8d07c709d34c03120189,683d8d06c709d34c0311ed07,683d8d05c709d34c0311e37b,683d8d05c709d34c0311e481,cliente,restaurante,cliente,restaurante,cliente,restaurante,683d8d05c709d34c0311e37b,683d8d05c709d34c0311e481,683d8d05c709d34c0311e37b,683d8d05c709d34c0311e481,683d8d05c709d34c0311e37b,683d8d05c709d34c0311e481,A combibo denego damnatio tutis.,Defluo vomica tricesimus teres cubo tremo ciminatio comes vigor communis.,Cohibeo id nulla sub cras credo vinitor.,Arguo spes tenus claudeo traho stella sonitus concedo.,Tenax toties pecto acervus triduana alo aranea.,Usus valeo cogito solum veniam pauci talus conservo aro.,2025-04-06T21:30:46.989Z,2025-04-07T05:15:00.437Z,2025-04-07T07:02:33.224Z,2025-04-07T11:19:28.402Z,2025-04-07T21:53:17.215Z,2025-04-08T07:21:50.846Z,true,true,false,true,false,true,,,,,,,ativa,2025-04-08T07:21:50.846Z,,
683d8d07c709d34c03120191,683d8d06c709d34c0311ec58,683d8d05c709d34c0311e341,683d8d05c709d34c0311e493,cliente,restaurante,cliente,restaurante,cliente,,683d8d05c709d34c0311e341,683d8d05c709d34c0311e493,683d8d05c709d34c0311e341,683d8d05c709d34c0311e493,683d8d05c709d34c0311e341,,Urbanus adversus cubo tabella infit deporto textus.,Temeritas sperno catena creber velut cubicularis apud.,Cubo accommodo provident debilito.,Crinis coaegresco degusto caelum aeger certus beatus verto quia vitium.,Abutor sonitus centum.,,2024-07-15T07:14:54.465Z,2024-07-15T11:44:18.858Z,2024-07-15T14:38:14.130Z,2024-07-15T16:07:32.283Z,2024-07-15T23:13:48.047Z,,true,true,true,false,true,,,,,,,,ativa,2024-07-15T23:13:48.047Z,,
683d8d07c709d34c03120194,683d8d06c709d34c0311ea48,683d8d05c709d34c0311e292,683d8d05c709d34c0311e499,cliente,restaurante,cliente,restaurante,,,683d8d05c709d34c0311e292,683d8d05c709d34c0311e499,683d8d05c709d34c0311e292,683d8d05c709d34c0311e499,,,Tamen suppono aperio convoco derelinquo ventito usque.,Teres contra totam coadunatio abundans.,Teres theologus animus.,Triumphus consequuntur approbo thalassinus.,,,2025-02-15T07:12:53.944Z,2025-02-15T17:19:38.466Z,2025-02-15T21:39:23.607Z,2025-02-16T05:40:21.826Z,,,false,false,true,true,,,,,,,,,ativa,2025-02-16T05:40:21.826Z,,
683d8d07c709d34c03120195,683d8d06c709d34c0311eb59,683d8d05c709d34c0311e2f2,683d8d05c709d34c0311e47e,cliente,restaurante,cliente,,,,683d8d05c709d34c0311e2f2,683d8d05c709d34c0311e47e,683d8d05c709d34c0311e2f2,,,,Ratione recusandae sumo unus vix accusantium patrocinor tutis ascit.,Labore aperte suus anser sono coaegresco.,Sodalitas depraedor voluptatum.,,,,2025-02-12T05:44:01.860Z,2025-02-12T13:38:22.732Z,2025-02-12T21:41:50.440Z,,,,true,false,false,,,,,,,,,,ativa,2025-02-12T21:41:50.440Z,,
683d8d07c709d34c03120199,683d8d06c709d34c0311eca8,683d8d05c709d34c0311e3be,683d8d05c709d34c0311e49f,cliente,restaurante,,,,,683d8d05c709d34c0311e3be,683d8d05c709d34c0311e49f,,,,,Desino ventito demoror sublime succedo coadunatio adopto.,Thymum approbo conservo fugiat.,,,,,2024-11-15T17:29:42.410Z,2024-11-15T23:26:55.576Z,,,,,true,true,,,,,,,,,,,ativa,2024-11-15T23:26:55.576Z,,
683d8d07c709d34c0312019c,683d8d06c709d34c0311eb5b,683d8d05c709d34c0311e308,683d8d05c709d34c0311e47d,cliente,restaurante,cliente,restaurante,cliente,restaurante,683d8d05c709d34c0311e308,683d8d05c709d34c0311e47d,683d8d05c709d34c0311e308,683d8d05c709d34c0311e47d,683d8d05c709d34c0311e308,683d8d05c709d34c0311e47d,Inflammatio color atrox damno.,Umquam aspicio spiculum.,Derelinquo alter ducimus ciminatio venustas admiratio accendo.,Maxime cohaero dignissimos accedo.,Audeo cetera vito solio alias.,Amitto sto aqua substantia quae repellat cornu eum delibero.,2025-01-23T18:08:23.566Z,2025-01-24T04:33:35.473Z,2025-01-24T15:06:21.265Z,2025-01-24T17:34:00.370Z,2025-01-24T23:45:53.076Z,2025-01-25T02:40:20.373Z,true,true,true,true,true,false,,,,,,,ativa,2025-01-25T02:40:20.373Z,,
683d8d07c709d34c0312019f,683d8d06c709d34c0311ea07,683d8d05c709d34c0311e2df,683d8d05c709d34c0311e496,cliente,restaurante,cliente,,,,683d8d05c709d34c0311e2df,683d8d05c709d34c0311e496,683d8d05c709d34c0311e2df,,,,Adsum spero beneficium aegre cubicularis coaegresco suadeo.,Conservo cerno verbum terga correptius ullus.,Amplexus capillus admitto copia enim.,,,,2024-09-12T00:22:31.754Z,2024-09-12T07:54:31.244Z,2024-09-12T17:01:46.697Z,,,,true,true,true,,,,,,,,,,ativa,2024-09-12T17:01:46.697Z,,
683d8d07c709d34c031201a8,683d8d06c709d34c0311e9e7,683d8d05c709d34c0311e470,683d8d05c709d34c0311e47d,cliente,restaurante,cliente,,,,683d8d05c709d34c0311e470,683d8d05c709d34c0311e47d,683d8d05c709d34c0311e470,,,,Vestrum deludo vitium esse volaticus aggero.,Arbustum vehemens speculum repudiandae atrox optio curriculum curatio stella.,Architecto atrocitas illo ulterius vulticulus arbitro tamquam apto denuncio.,,,,2024-09-08T15:31:34.524Z,2024-09-09T02:54:19.835Z,2024-09-09T05:09:12.232Z,,,,true,true,true,,,,,,,,,,ativa,2024-09-09T05:09:12.232Z,,
683d8d07c709d34c031201ad,683d8d06c709d34c0311e919,683d8d05c709d34c0311e410,683d8d05c709d34c0311e493,cliente,restaurante,cliente,,,,683d8d05c709d34c0311e410,683d8d05c709d34c0311e493,683d8d05c709d34c0311e410,,,,Temporibus censura vero iusto.,Coniuratio accedo adnuo.,Adicio quibusdam adimpleo aequitas vae abeo campana.,,,,2025-01-07T11:41:53.885Z,2025-01-07T19:46:04.588Z,2025-01-08T00:54:42.813Z,,,,false,true,true,,,,,,,,,,ativa,2025-01-08T00:54:42.813Z,,
683d8d07c709d34c031201b0,683d8d06c709d34c0311ebbb,683d8d05c709d34c0311e300,683d8d05c709d34c0311e4a6,cliente,restaurante,cliente,restaurante,cliente,restaurante,683d8d05c709d34c0311e300,683d8d05c709d34c0311e4a6,683d8d05c709d34c0311e300,683d8d05c709d34c0311e4a6,683d8d05c709d34c0311e300,683d8d05c709d34c0311e4a6,Qui substantia ago laudantium venia confero celo creptio.,Tempora victus aequitas.,Urbs cultura magni debeo urbanus censura.,Abeo carbo solitudo sum volaticus creber.,Vulpes altus assentator.,Velut absconditus ventus aliquid.,2025-03-02T20:42:37.183Z,2025-03-03T02:24:16.452Z,2025-03-03T10:16:06.666Z,2025-03-03T14:54:25.206Z,2025-03-03T23:52:01.704Z,2025-03-04T00:23:13.433Z,true,false,false,true,true,true,,,,,,,ativa,2025-03-04T00:23:13.433Z,,
683d8d07c709d34c031201b3,683d8d06c709d34c0311eca2,683d8d05c709d34c0311e38a,683d8d05c709d34c0311e49e,cliente,restaurante,cliente,restaurante,cliente,,683d8d05c709d34c0311e38a,683d8d05c709d34c0311e49e,683d8d05c709d34c0311e38a,683d8d05c709d34c0311e49e,683d8d05c709d34c0311e38a,,Ter clibanus tactus celebrer addo cunae abutor vorago viridis.,Enim verbum catena admoneo terror.,Aggredior deinde asporto patruus conicio caterva amplexus turpis.,Totidem vicinus dicta delectus caelum agnitio comparo.,Ultio degusto caritas curtus volup comburo super conturbo apparatus sopor.,,2025-04-24T11:07:33.845Z,2025-04-24T15:44:44.474Z,2025-04-25T03:03:40.161Z,2025-04-25T08:39:01.240Z,2025-04-25T11:09:24.041Z,,true,true,true,false,true,,,,,,,,ativa,2025-04-25T11:09:24.041Z,,
683d8d07c709d34c031201b4,683d8d06c709d34c0311ec35,683d8d05c709d34c0311e46b,683d8d05c709d34c0311e479,cliente,restaurante,cliente,restaurante,cliente,restaurante,683d8d05c709d34c0311e46b,683d8d05c709d34c0311e479,683d8d05c709d34c0311e46b,683d8d05c709d34c0311e479,683d8d05c709d34c0311e46b,683d8d05c709d34c0311e479,Teres venustas alias utor subito sodalitas villa neque cultellus curto.,Defaeco caput acervus denique voco sophismata valeo.,Dens defessus vilis ubi vapulus caelestis sit.,Truculenter callide vesper.,Tenax cometes trucido tam deprecator verto spectaculum ait vomica.,Colo coma placeat eum absconditus accusantium clementia capio vigilo derideo.,2024-10-17T03:26:51.040Z,2024-10-17T10:49:02.393Z,2024-10-17T21:40:58.648Z,2024-10-18T09:15:20.426Z,2024-10-18T15:15:37.148Z,2024-10-18T18:06:39.488Z,true,true,true,false,true,true,,,,,,,ativa,2024-10-18T18:06:39.488Z,,
683d8d07c709d34c031201b6,683d8d06c709d34c0311ec38,683d8d05c709d34c0311e3c5,683d8d05c709d34c0311e49d,cliente,restaurante,cliente,restaurante,,,683d8d05c709d34c0311e3c5,683d8d05c709d34c0311e49d,683d8d05c709d34c0311e3c5,683d8d05c709d34c0311e49d,,,Verbera clibanus tersus sono.,Claustrum spargo tribuo sufficio casus cattus excepturi arx.,Cedo summisse deripio verecundia sursum decerno auctor.,Thema synagoga aurum aureus delectatio dolorum conatus eaque.,,,2024-06-22T07:35:32.248Z,2024-06-22T14:53:00.509Z,2024-06-23T02:41:04.179Z,2024-06-23T11:16:20.320Z,,,true,true,true,true,,,,,,,,,ativa,2024-06-23T11:16:20.320Z,,
683d8d07c709d34c031201c3,683d8d06c709d34c0311ebb3,683d8d05c709d34c0311e3f3,683d8d05c709d34c0311e47b,cliente,restaurante,cliente,restaurante,cliente,,683d8d05c709d34c0311e3f3,683d8d05c709d34c0311e47b,683d8d05c709d34c0311e3f3,683d8d05c709d34c0311e47b,683d8d05c709d34c0311e3f3,,Adversus maxime coruscus.,Circumvenio optio studio alter auxilium temptatio.,Cruentus arguo crebro adiuvo teres texo.,Centum dolorum celo alter alter verbum sit carcer ubi claudeo.,Enim surculus suppono.,,2024-06-18T04:31:42.645Z,2024-06-18T11:29:58.901Z,2024-06-18T22:55:57.719Z,2024-06-19T07:19:59.361Z,2024-06-19T17:17:52.431Z,,true,true,true,true,true,,,,,,,,ativa,2024-06-19T17:17:52.431Z,,
683d8d07c709d34c031201c4,683d8d06c709d34c0311ed1d,683d8d05c709d34c0311e324,683d8d05c709d34c0311e493,cliente,restaurante,,,,,683d8d05c709d34c0311e324,683d8d05c709d34c0311e493,,,,,Artificiose arcesso amissio cumque aestivus tibi vero contego.,Praesentium sodalitas vulnero.,,,,,2025-03-17T01:09:00.797Z,2025-03-17T08:15:01.091Z,,,,,true,true,,,,,,,,,,,ativa,2025-03-17T08:15:01.091Z,,
683d8d07c709d34c031201cb,683d8d06c709d34c0311e9ca,683d8d05c709d34c0311e399,683d8d05c709d34c0311e4a8,cliente,restaurante,cliente,restaurante,cliente,,683d8d05c709d34c0311e399,683d8d05c709d34c0311e4a8,683d8d05c709d34c0311e399,683d8d05c709d34c0311e4a8,683d8d05c709d34c0311e399,,Theatrum voluntarius utique arbor ipsa deduco coniecto.,Conforto adamo cena.,Vigor tantum super censura pel cresco.,Apud avaritia suffoco.,Totus currus validus maxime statim.,,2024-11-25T08:44:31.803Z,2024-11-25T20:09:45.607Z,2024-11-26T03:16:58.624Z,2024-11-26T08:39:03.015Z,2024-11-26T13:06:09.146Z,,true,true,true,true,true,,,,,,,,ativa,2024-11-26T13:06:09.146Z,,
683d8d07c709d34c031201d1,683d8d06c709d34c0311e869,683d8d05c709d34c0311e33a,683d8d05c709d34c0311e49e,cliente,restaurante,,,,,683d8d05c709d34c0311e33a,683d8d05c709d34c0311e49e,,,,,Asper advoco crustulum beneficium vulpes admoveo commodi vicinus.,Aqua accusamus amplexus socius turbo arbor neque suggero callide.,,,,,2024-06-18T10:05:32.433Z,2024-06-18T12:14:44.578Z,,,,,true,true,,,,,,,,,,,ativa,2024-06-18T12:14:44.578Z,,
683d8d07c709d34c031201d3,683d8d06c709d34c0311e90c,683d8d05c709d34c0311e3f1,683d8d05c709d34c0311e483,cliente,restaurante,cliente,restaurante,cliente,,683d8d05c709d34c0311e3f1,683d8d05c709d34c0311e483,683d8d05c709d34c0311e3f1,683d8d05c709d34c0311e483,683d8d05c709d34c0311e3f1,,Subito magni cedo spero.,Crebro tricesimus amitto volva deduco versus cotidie voro tactus suspendo.,Adopto cometes conspergo caelum amitto facere stipes.,Terebro cura vulariter charisma ustilo depopulo consuasor demulceo repellat urbs.,Cohors canto triduana beatus delibero delibero.,,2025-01-31T23:21:50.552Z,2025-02-01T07:09:48.014Z,2025-02-01T18:06:14.849Z,2025-02-01T20:03:00.075Z,2025-02-02T03:51:02.653Z,,true,true,true,true,false,,,,,,,,ativa,2025-02-02T03:51:02.653Z,,
683d8d07c709d34c031201d5,683d8d06c709d34c0311e8af,683d8d05c709d34c0311e2f7,683d8d05c709d34c0311e48e,cliente,restaurante,,,,,683d8d05c709d34c0311e2f7,683d8d05c709d34c0311e48e,,,,,Id turbo vilis theca ultra coerceo repudiandae tardus demens coepi.,Solum via commodi neque vehemens basium ater conturbo solium.,,,,,2024-07-13T17:48:18.343Z,2024-07-13T21:43:18.355Z,,,,,true,true,,,,,,,,,,,ativa,2024-07-13T21:43:18.355Z,,
683d8d07c709d34c031201d7,683d8d06c709d34c0311eb34,683d8d05c709d34c0311e338,683d8d05c709d34c0311e496,cliente,restaurante,cliente,restaurante,cliente,,683d8d05c709d34c0311e338,683d8d05c709d34c0311e496,683d8d05c709d34c0311e338,683d8d05c709d34c0311e496,683d8d05c709d34c0311e338,,Atque cervus ter natus earum officiis tutamen ultra ipsa.,Beneficium vehemens minus mollitia.,Urbanus concido coerceo.,Vita vestrum iure solium repellendus validus corrupti.,Occaecati deprecator saepe amplexus coniuratio patior utroque.,,2024-08-11T16:30:29.250Z,2024-08-11T21:10:41.864Z,2024-08-12T08:57:11.024Z,2024-08-12T09:51:56.602Z,2024-08-12T11:15:01.949Z,,true,true,true,true,false,,,,,,,,ativa,2024-08-12T11:15:01.949Z,,
683d8d07c709d34c031201e2,683d8d06c709d34c0311e8bf,683d8d05c709d34c0311e336,683d8d05c709d34c0311e481,cliente,restaurante,cliente,restaurante,cliente,,683d8d05c709d34c0311e336,683d8d05c709d34c0311e481,683d8d05c709d34c0311e336,683d8d05c709d34c0311e481,683d8d05c709d34c0311e336,,Torqueo cena vomer arceo vulariter vergo.,Vorax adduco ipsa.,Cuius cursus antiquus vitium adversus.,Demonstro curto vulpes aqua territo.,Uterque auxilium supellex apparatus vulgo spiculum damno.,,2024-10-26T20:20:34.952Z,2024-10-26T21:36:35.660Z,2024-10-26T22:13:49.715Z,2024-10-27T01:42:41.238Z,2024-10-27T07:06:14.486Z,,true,false,false,true,true,,,,,,,,ativa,2024-10-27T07:06:14.486Z,,
683d8d07c709d34c031201e3,683d8d06c709d34c0311edcc,683d8d05c709d34c0311e436,683d8d05c709d34c0311e483,cliente,restaurante,cliente,restaurante,cliente,,683d8d05c709d34c0311e436,683d8d05c709d34c0311e483,683d8d05c709d34c0311e436,683d8d05c709d34c0311e483,683d8d05c709d34c0311e436,,Amplus asperiores cursim adnuo.,Abbas antepono curtus carcer reiciendis excepturi catena talus.,Consequatur cursim thesis aperiam curto suppono pecco sopor amita aspicio.,Demoror trado texo.,Eos animadverto cui ait.,,2024-10-26T07:18:52.049Z,2024-10-26T07:56:01.585Z,2024-10-26T14:08:16.877Z,2024-10-26T22:36:35.625Z,2024-10-26T22:52:56.411Z,,true,true,true,true,true,,,,,,,,ativa,2024-10-26T22:52:56.411Z,,
683d8d07c709d34c031201e4,683d8d06c709d34c0311ede2,683d8d05c709d34c0311e29e,683d8d05c709d34c0311e490,cliente,restaurante,cliente,restaurante,cliente,,683d8d05c709d34c0311e29e,683d8d05c709d34c0311e490,683d8d05c709d34c0311e29e,683d8d05c709d34c0311e490,683d8d05c709d34c0311e29e,,Aurum tabgo vaco amiculum cohaero cuppedia comitatus.,Adficio ascit cogo assentator volva esse contego verumtamen.,Accusantium expedita aro.,Ex urbs corporis veritas libero toties nemo.,Quibusdam apparatus taceo terra crustulum coniuratio utroque eos contego.,,2024-09-19T09:18:48.805Z,2024-09-19T18:16:40.315Z,2024-09-20T06:07:51.765Z,2024-09-20T13:39:09.999Z,2024-09-20T15:27:45.606Z,,true,true,true,true,true,,,,,,,,ativa,2024-09-20T15:27:45.606Z,,
683d8d07c709d34c031201e5,683d8d06c709d34c0311eaa9,683d8d05c709d34c0311e397,683d8d05c709d34c0311e48c,cliente,restaurante,cliente,,,,683d8d05c709d34c0311e397,683d8d05c709d34c0311e48c,683d8d05c709d34c0311e397,,,,Beneficium ipsum acsi aegrotatio.,Casso auditor brevis conitor denuo commodi vulgivagus tenuis aegrotatio casso.,Deficio cohors tutamen antea venia atque terebro cerno.,,,,2024-10-24T06:35:28.759Z,2024-10-24T10:25:45.244Z,2024-10-24T12:57:33.880Z,,,,false,true,true,,,,,,,,,,ativa,2024-10-24T12:57:33.880Z,,
683d8d07c709d34c031201e9,683d8d06c709d34c0311ecfb,683d8d05c709d34c0311e3a9,683d8d05c709d34c0311e4a1,cliente,restaurante,,,,,683d8d05c709d34c0311e3a9,683d8d05c709d34c0311e4a1,,,,,Arcesso arcesso accusamus.,Adhaero solutio cupiditas corrigo undique adficio stella accusator virgo.,,,,,2024-09-12T15:57:08.555Z,2024-09-12T16:19:08.328Z,,,,,true,true,,,,,,,,,,,ativa,2024-09-12T16:19:08.328Z,,
683d8d07c709d34c031201eb,683d8d06c709d34c0311e95f,683d8d05c709d34c0311e3b8,683d8d05c709d34c0311e47f,cliente,restaurante,cliente,restaurante,cliente,,683d8d05c709d34c0311e3b8,683d8d05c709d34c0311e47f,683d8d05c709d34c0311e3b8,683d8d05c709d34c0311e47f,683d8d05c709d34c0311e3b8,,Tabula repellendus voluntarius cubicularis adhuc.,Agnitio crinis adulatio versus cotidie nobis.,Sui brevis deduco amplexus a sed desipio aqua dolor.,Curriculum sub confido.,Totus usitas thesis apostolus.,,2024-09-14T21:39:57.663Z,2024-09-15T06:40:27.896Z,2024-09-15T08:12:38.105Z,2024-09-15T16:19:59.622Z,2024-09-15T18:16:38.387Z,,true,true,true,true,true,,,,,,,,ativa,2024-09-15T18:16:38.387Z,,
683d8d07c709d34c031201ef,683d8d06c709d34c0311eade,683d8d05c709d34c0311e39a,683d8d05c709d34c0311e48d,cliente,restaurante,cliente,,,,683d8d05c709d34c0311e39a,683d8d05c709d34c0311e48d,683d8d05c709d34c0311e39a,,,,Decretum arx stipes quos tabgo.,Absorbeo curto deinde carpo suscipit.,Cometes ventus succurro suppono uredo quod blandior dolor.,,,,2024-11-17T14:46:59.153Z,2024-11-18T02:05:26.905Z,2024-11-18T03:10:41.817Z,,,,true,false,true,,,,,,,,,,ativa,2024-11-18T03:10:41.817Z,,
683d8d07c709d34c031201f0,683d8d06c709d34c0311ed48,683d8d05c709d34c0311e46b,683d8d05c709d34c0311e48d,cliente,restaurante,cliente,,,,683d8d05c709d34c0311e46b,683d8d05c709d34c0311e48d,683d8d05c709d34c0311e46b,,,,Tempora denuncio sequi.,Ambitus delibero vilitas blandior apparatus.,Verus voveo virga.,,,,2024-11-07T04:48:00.458Z,2024-11-07T10:23:39.349Z,2024-11-07T21:24:46.822Z,,,,false,true,true,,,,,,,,,,ativa,2024-11-07T21:24:46.822Z,,
683d8d07c709d34c0312015f,683d8d06c709d34c0311e9dc,683d8d05c709d34c0311e29f,683d8d05c709d34c0311e47f,cliente,restaurante,cliente,,,,683d8d05c709d34c0311e29f,683d8d05c709d34c0311e47f,683d8d05c709d34c0311e29f,,,,Assentator consectetur amaritudo acervus inventore tendo desolo.,Comitatus crebro cinis.,Utpote succedo ad degero aspicio casus.,,,,2024-11-26T08:45:01.087Z,2024-11-26T18:48:39.614Z,2024-11-26T23:42:54.130Z,,,,true,true,true,,,,,,,,,,ativa,2024-11-26T23:42:54.130Z,,
683d8d07c709d34c03120162,683d8d06c709d34c0311e97b,683d8d05c709d34c0311e45f,683d8d05c709d34c0311e479,cliente,restaurante,cliente,,,,683d8d05c709d34c0311e45f,683d8d05c709d34c0311e479,683d8d05c709d34c0311e45f,,,,Tondeo peccatus summopere cenaculum voluptatem.,Clamo vado unus verbera.,Vis dolorem creo.,,,,2025-03-04T13:39:59.965Z,2025-03-04T23:29:41.035Z,2025-03-05T03:27:44.957Z,,,,true,true,true,,,,,,,,,,ativa,2025-03-05T03:27:44.957Z,,
683d8d07c709d34c0312016b,683d8d06c709d34c0311e9e4,683d8d05c709d34c0311e46a,683d8d05c709d34c0311e48c,cliente,restaurante,cliente,restaurante,,,683d8d05c709d34c0311e46a,683d8d05c709d34c0311e48c,683d8d05c709d34c0311e46a,683d8d05c709d34c0311e48c,,,Administratio verbera aeternus conspergo crastinus vaco thesaurus.,Tonsor adversus tergeo a decumbo.,Video torqueo pariatur praesentium delectatio maiores.,Voluptates vir aliqua.,,,2024-06-22T06:27:24.945Z,2024-06-22T11:13:37.333Z,2024-06-22T22:54:27.431Z,2024-06-23T09:39:59.603Z,,,true,true,true,true,,,,,,,,,ativa,2024-06-23T09:39:59.603Z,,
683d8d07c709d34c03120173,683d8d06c709d34c0311e94e,683d8d05c709d34c0311e2d9,683d8d05c709d34c0311e496,cliente,restaurante,,,,,683d8d05c709d34c0311e2d9,683d8d05c709d34c0311e496,,,,,Absorbeo calamitas nesciunt auctus vesper totidem.,Subseco tego accusamus.,,,,,2025-02-10T08:00:08.961Z,2025-02-10T18:03:13.430Z,,,,,false,false,,,,,,,,,,,ativa,2025-02-10T18:03:13.430Z,,
683d8d07c709d34c03120176,683d8d06c709d34c0311e854,683d8d05c709d34c0311e330,683d8d05c709d34c0311e49f,cliente,restaurante,cliente,,,,683d8d05c709d34c0311e330,683d8d05c709d34c0311e49f,683d8d05c709d34c0311e330,,,,Dedico delego necessitatibus desparatus cervus accedo ventito.,Voluptatum vos tergiversatio alveus ciminatio sonitus uxor pecto.,Audentia dedecor decipio quam deserunt studio vindico non.,,,,2025-01-12T06:22:43.758Z,2025-01-12T12:01:44.861Z,2025-01-12T19:11:51.854Z,,,,true,true,true,,,,,,,,,,ativa,2025-01-12T19:11:51.854Z,,
683d8d07c709d34c03120177,683d8d06c709d34c0311ed43,683d8d05c709d34c0311e2a5,683d8d05c709d34c0311e47e,cliente,restaurante,cliente,,,,683d8d05c709d34c0311e2a5,683d8d05c709d34c0311e47e,683d8d05c709d34c0311e2a5,,,,Sequi termes tui.,Ter conatus cetera aduro.,Possimus conturbo speculum thymbra cursim videlicet ventito corporis cruciamentum cohors.,,,,2024-10-05T07:27:15.395Z,2024-10-05T12:02:40.026Z,2024-10-05T19:15:45.299Z,,,,true,true,true,,,,,,,,,,ativa,2024-10-05T19:15:45.299Z,,
683d8d07c709d34c03120179,683d8d06c709d34c0311ed73,683d8d05c709d34c0311e40b,683d8d05c709d34c0311e4a6,cliente,restaurante,cliente,restaurante,cliente,,683d8d05c709d34c0311e40b,683d8d05c709d34c0311e4a6,683d8d05c709d34c0311e40b,683d8d05c709d34c0311e4a6,683d8d05c709d34c0311e40b,,Aegrotatio vivo ascisco adduco appositus confugo auditor summopere acies terror.,Facere copiose demum arx thalassinus annus coerceo maiores laboriosam.,Suscipit thermae tunc decimus nisi conservo defessus.,Appono calamitas canto benigne solus.,Blandior angulus arbor cunae.,,2024-06-14T10:10:04.794Z,2024-06-14T17:32:08.536Z,2024-06-15T04:48:19.739Z,2024-06-15T13:10:14.584Z,2024-06-15T18:12:41.089Z,,true,true,true,true,true,,,,,,,,ativa,2024-06-15T18:12:41.089Z,,
683d8d07c709d34c0312017c,683d8d06c709d34c0311e99f,683d8d05c709d34c0311e392,683d8d05c709d34c0311e492,cliente,restaurante,cliente,,,,683d8d05c709d34c0311e392,683d8d05c709d34c0311e492,683d8d05c709d34c0311e392,,,,Balbus quia crustulum tenetur absum delibero creptio summa defendo.,Pauper quas clam cado sapiente coadunatio ab cicuta aegrus cohors.,Adimpleo voluptatibus aggero abscido aufero capillus.,,,,2024-07-11T12:42:04.717Z,2024-07-11T19:51:39.780Z,2024-07-11T20:24:50.958Z,,,,false,true,true,,,,,,,,,,ativa,2024-07-11T20:24:50.958Z,,
683d8d07c709d34c0312017d,683d8d06c709d34c0311ed17,683d8d05c709d34c0311e2a8,683d8d05c709d34c0311e4a5,cliente,restaurante,cliente,restaurante,,,683d8d05c709d34c0311e2a8,683d8d05c709d34c0311e4a5,683d8d05c709d34c0311e2a8,683d8d05c709d34c0311e4a5,,,Aedificium ciminatio ut tersus thesis arcus demulceo commodi ut tero.,Canis caste acerbitas quidem urbanus inventore supellex textus.,Vociferor aggredior quos.,Volaticus certe carpo caveo ara fugiat defaeco demergo.,,,2025-04-17T08:49:50.320Z,2025-04-17T09:32:25.218Z,2025-04-17T19:22:01.518Z,2025-04-18T03:33:52.948Z,,,true,true,true,false,,,,,,,,,ativa,2025-04-18T03:33:52.948Z,,
683d8d07c709d34c0312017e,683d8d06c709d34c0311ea3c,683d8d05c709d34c0311e3fb,683d8d05c709d34c0311e4a3,cliente,restaurante,cliente,restaurante,,,683d8d05c709d34c0311e3fb,683d8d05c709d34c0311e4a3,683d8d05c709d34c0311e3fb,683d8d05c709d34c0311e4a3,,,Verumtamen demo subseco carcer adsidue statim appello tristis nesciunt.,Mollitia aggredior adversus.,Vociferor cohibeo acer sub ocer tenetur.,Sortitus repudiandae dedico.,,,2025-03-20T19:43:40.372Z,2025-03-21T06:34:59.062Z,2025-03-21T09:53:30.000Z,2025-03-21T21:49:04.172Z,,,false,true,true,true,,,,,,,,,ativa,2025-03-21T21:49:04.172Z,,
683d8d07c709d34c0312017f,683d8d06c709d34c0311e9be,683d8d05c709d34c0311e3d7,683d8d05c709d34c0311e47d,cliente,restaurante,cliente,restaurante,cliente,restaurante,683d8d05c709d34c0311e3d7,683d8d05c709d34c0311e47d,683d8d05c709d34c0311e3d7,683d8d05c709d34c0311e47d,683d8d05c709d34c0311e3d7,683d8d05c709d34c0311e47d,Bos crux pariatur.,Aequus advoco cohaero eaque.,Tenus sumo vitae bonus acervus astrum verbera.,Acidus animi universe admoveo conatus.,Totam voluptates usitas amissio admiratio angelus tristis.,Quidem voluptatibus vinculum victoria carbo.,2024-06-04T15:09:12.216Z,2024-06-04T20:19:19.149Z,2024-06-04T21:22:56.557Z,2024-06-05T07:15:09.758Z,2024-06-05T09:40:28.690Z,2024-06-05T17:27:33.085Z,true,false,true,true,true,false,,,,,,,ativa,2024-06-05T17:27:33.085Z,,
683d8d07c709d34c0312018e,683d8d06c709d34c0311ea8f,683d8d05c709d34c0311e2cc,683d8d05c709d34c0311e496,cliente,restaurante,cliente,restaurante,cliente,restaurante,683d8d05c709d34c0311e2cc,683d8d05c709d34c0311e496,683d8d05c709d34c0311e2cc,683d8d05c709d34c0311e496,683d8d05c709d34c0311e2cc,683d8d05c709d34c0311e496,Umerus spiculum supra claro accusamus alius degusto.,Auctus sint demergo desolo tantillus blandior aegrus combibo aeneus victoria.,Titulus est vociferor spero abscido corrupti usus subnecto summopere.,Cursim cimentarius auxilium stillicidium unde defessus.,Aggero caelum cognatus sollers subseco vorax charisma solutio astrum tabgo.,Altus cubo crastinus solutio caecus amplexus solio.,2024-06-26T17:49:34.801Z,2024-06-27T02:21:08.271Z,2024-06-27T05:15:10.828Z,2024-06-27T12:16:08.904Z,2024-06-27T15:31:16.672Z,2024-06-27T22:24:28.996Z,true,true,true,false,true,true,,,,,,,ativa,2024-06-27T22:24:28.996Z,,
683d8d07c709d34c03120193,683d8d06c709d34c0311ed4a,683d8d05c709d34c0311e43a,683d8d05c709d34c0311e478,cliente,restaurante,cliente,restaurante,cliente,,683d8d05c709d34c0311e43a,683d8d05c709d34c0311e478,683d8d05c709d34c0311e43a,683d8d05c709d34c0311e478,683d8d05c709d34c0311e43a,,Creptio tumultus thalassinus laudantium aranea somnus.,Ullam dicta cur vilis censura vos tyrannus barba.,Casus catena tumultus una demitto demoror quae strues truculenter.,Velit corrigo tabella tantum aegrus rem suscipio conicio debeo.,Quo auctor barba tenax mollitia aequus tolero paens amaritudo capto.,,2024-12-04T02:05:18.746Z,2024-12-04T09:19:01.408Z,2024-12-04T13:12:05.108Z,2024-12-04T23:48:17.215Z,2024-12-05T02:59:50.803Z,,false,true,true,true,true,,,,,,,,ativa,2024-12-05T02:59:50.803Z,,
683d8d07c709d34c03120198,683d8d06c709d34c0311ed8c,683d8d05c709d34c0311e31d,683d8d05c709d34c0311e485,cliente,restaurante,cliente,restaurante,,,683d8d05c709d34c0311e31d,683d8d05c709d34c0311e485,683d8d05c709d34c0311e31d,683d8d05c709d34c0311e485,,,Patior tam somniculosus dicta caterva sollicito thermae.,Decerno valens spes tunc corporis odit sortitus.,Qui vinum ambitus tepesco dedecor.,Calco fugit aestas vos tolero stabilis.,,,2024-11-14T14:47:21.295Z,2024-11-15T02:13:07.095Z,2024-11-15T07:27:03.145Z,2024-11-15T14:59:35.363Z,,,true,false,false,true,,,,,,,,,ativa,2024-11-15T14:59:35.363Z,,
683d8d07c709d34c0312019d,683d8d06c709d34c0311ed6f,683d8d05c709d34c0311e348,683d8d05c709d34c0311e47a,cliente,restaurante,,,,,683d8d05c709d34c0311e348,683d8d05c709d34c0311e47a,,,,,Tabesco arma similique.,Armarium demulceo concido umerus basium.,,,,,2025-02-13T13:24:22.071Z,2025-02-13T14:43:47.318Z,,,,,true,true,,,,,,,,,,,ativa,2025-02-13T14:43:47.318Z,,
683d8d07c709d34c0312019e,683d8d06c709d34c0311ecca,683d8d05c709d34c0311e36b,683d8d05c709d34c0311e49e,cliente,restaurante,cliente,,,,683d8d05c709d34c0311e36b,683d8d05c709d34c0311e49e,683d8d05c709d34c0311e36b,,,,Nulla explicabo delicate thermae aetas varietas auctor corona.,Cauda temeritas deludo contigo temporibus vigor eos.,Cuppedia spiritus depraedor.,,,,2024-09-08T12:53:29.997Z,2024-09-08T17:00:17.569Z,2024-09-08T17:19:20.416Z,,,,false,true,true,,,,,,,,,,ativa,2024-09-08T17:19:20.416Z,,
683d8d07c709d34c031201a0,683d8d06c709d34c0311e95d,683d8d05c709d34c0311e339,683d8d05c709d34c0311e48b,cliente,restaurante,cliente,restaurante,cliente,,683d8d05c709d34c0311e339,683d8d05c709d34c0311e48b,683d8d05c709d34c0311e339,683d8d05c709d34c0311e48b,683d8d05c709d34c0311e339,,Sulum provident asper cinis administratio nisi carbo.,Veritas antea tantum optio adnuo sortitus sumptus sonitus.,Thymum sumo subiungo amicitia numquam trans aequitas amitto.,Necessitatibus vos triduana spargo creber.,Validus terra contra censura vulnus adipiscor aliquam.,,2024-07-14T01:14:06.096Z,2024-07-14T09:11:26.629Z,2024-07-14T11:36:18.561Z,2024-07-14T12:06:24.947Z,2024-07-14T19:32:40.462Z,,false,true,true,true,true,,,,,,,,ativa,2024-07-14T19:32:40.462Z,,
683d8d07c709d34c031201a1,683d8d06c709d34c0311ebe4,683d8d05c709d34c0311e2d3,683d8d05c709d34c0311e4a3,cliente,restaurante,cliente,restaurante,,,683d8d05c709d34c0311e2d3,683d8d05c709d34c0311e4a3,683d8d05c709d34c0311e2d3,683d8d05c709d34c0311e4a3,,,Textilis compono suscipit clamo tametsi tutamen adstringo abutor adulatio cicuta.,Quasi conforto claro comedo turpis ustilo.,Usque allatus bonus provident denego spoliatio.,Quasi acer minima.,,,2024-08-17T12:46:04.626Z,2024-08-17T23:01:41.130Z,2024-08-18T02:58:04.964Z,2024-08-18T03:09:38.261Z,,,true,false,false,true,,,,,,,,,ativa,2024-08-18T03:09:38.261Z,,
683d8d07c709d34c031201a5,683d8d06c709d34c0311e8b7,683d8d05c709d34c0311e46f,683d8d05c709d34c0311e489,cliente,restaurante,cliente,restaurante,cliente,restaurante,683d8d05c709d34c0311e46f,683d8d05c709d34c0311e489,683d8d05c709d34c0311e46f,683d8d05c709d34c0311e489,683d8d05c709d34c0311e46f,683d8d05c709d34c0311e489,Vicissitudo temperantia ventosus candidus sustineo uxor commemoro possimus.,Quisquam aestivus calcar.,Quidem substantia optio cilicium bene adaugeo velociter.,Collum caries quisquam conculco demum.,Repellat ratione porro harum alii temeritas trans cenaculum alienus vulnus.,Subseco usitas numquam velit contego desparatus decet soleo confugo.,2025-01-31T05:39:35.698Z,2025-01-31T14:25:51.994Z,2025-01-31T22:39:16.202Z,2025-02-01T10:28:58.107Z,2025-02-01T12:34:48.549Z,2025-02-01T14:24:06.859Z,true,false,true,true,true,false,,,,,,,ativa,2025-02-01T14:24:06.859Z,,
683d8d07c709d34c031201ab,683d8d06c709d34c0311e897,683d8d05c709d34c0311e460,683d8d05c709d34c0311e498,cliente,restaurante,cliente,,,,683d8d05c709d34c0311e460,683d8d05c709d34c0311e498,683d8d05c709d34c0311e460,,,,Vehemens atrocitas asporto illum vigilo vero.,Vesper volup socius tui.,Rem coruscus surculus spiculum vulticulus fuga barba.,,,,2025-04-27T17:24:46.188Z,2025-04-27T22:50:44.966Z,2025-04-28T04:09:17.811Z,,,,true,false,true,,,,,,,,,,ativa,2025-04-28T04:09:17.811Z,,
683d8d07c709d34c031201ae,683d8d06c709d34c0311eab6,683d8d05c709d34c0311e45c,683d8d05c709d34c0311e49a,cliente,restaurante,,,,,683d8d05c709d34c0311e45c,683d8d05c709d34c0311e49a,,,,,Tui contigo pauci creber audio necessitatibus cornu pectus.,Acceptus sono compello celer pecto curis auctus candidus aeger.,,,,,2024-09-22T21:01:03.802Z,2024-09-22T21:07:18.040Z,,,,,true,false,,,,,,,,,,,ativa,2024-09-22T21:07:18.040Z,,
683d8d07c709d34c031201b1,683d8d06c709d34c0311ec32,683d8d05c709d34c0311e3f2,683d8d05c709d34c0311e485,cliente,restaurante,,,,,683d8d05c709d34c0311e3f2,683d8d05c709d34c0311e485,,,,,Crebro sum volup armarium labore suscipit cohaero adsum curiositas.,Dapifer fuga spes vorax caveo quibusdam spiculum uter.,,,,,2024-10-14T15:09:33.875Z,2024-10-14T16:14:48.156Z,,,,,true,true,,,,,,,,,,,ativa,2024-10-14T16:14:48.156Z,,
683d8d07c709d34c031201bc,683d8d06c709d34c0311ec90,683d8d05c709d34c0311e3c3,683d8d05c709d34c0311e480,cliente,restaurante,cliente,,,,683d8d05c709d34c0311e3c3,683d8d05c709d34c0311e480,683d8d05c709d34c0311e3c3,,,,Demergo adipiscor timor aestivus.,Creator cogo venio balbus aliqua aspernatur antiquus.,Cumque beatus coma alter cohibeo umquam deinde alo vero.,,,,2025-03-22T20:03:08.708Z,2025-03-23T03:07:33.192Z,2025-03-23T03:43:59.372Z,,,,true,true,true,,,,,,,,,,ativa,2025-03-23T03:43:59.372Z,,
683d8d07c709d34c031201be,683d8d06c709d34c0311e9fc,683d8d05c709d34c0311e2e1,683d8d05c709d34c0311e494,cliente,restaurante,cliente,,,,683d8d05c709d34c0311e2e1,683d8d05c709d34c0311e494,683d8d05c709d34c0311e2e1,,,,Volubilis vigor veritas.,Pecus ter aer carmen laborum canis tempore caveo denuncio uberrime.,Cedo aegrus truculenter communis considero ut spes porro.,,,,2025-01-11T13:47:55.745Z,2025-01-11T16:37:12.692Z,2025-01-11T19:44:53.466Z,,,,true,true,true,,,,,,,,,,ativa,2025-01-11T19:44:53.466Z,,
683d8d07c709d34c031201c6,683d8d06c709d34c0311e96e,683d8d05c709d34c0311e410,683d8d05c709d34c0311e48f,cliente,restaurante,cliente,,,,683d8d05c709d34c0311e410,683d8d05c709d34c0311e48f,683d8d05c709d34c0311e410,,,,Animadverto corrupti corona aptus.,Strues cinis admoveo comminor coniecto venio.,Tepidus demens ambitus despecto ago accusantium textus curvo conspergo somniculosus.,,,,2024-09-21T20:43:59.493Z,2024-09-22T00:36:20.231Z,2024-09-22T01:57:21.746Z,,,,false,true,true,,,,,,,,,,ativa,2024-09-22T01:57:21.746Z,,
683d8d07c709d34c031201c9,683d8d06c709d34c0311ec3e,683d8d05c709d34c0311e33c,683d8d05c709d34c0311e493,cliente,restaurante,,,,,683d8d05c709d34c0311e33c,683d8d05c709d34c0311e493,,,,,Temporibus alias curiositas adflicto corrupti territo volaticus ducimus alius censura.,Pariatur thermae sophismata debilito conatus inflammatio aeger combibo neque bellum.,,,,,2024-07-16T03:27:15.265Z,2024-07-16T08:37:00.700Z,,,,,false,true,,,,,,,,,,,ativa,2024-07-16T08:37:00.700Z,,
683d8d07c709d34c031201ca,683d8d06c709d34c0311ecf7,683d8d05c709d34c0311e43f,683d8d05c709d34c0311e497,cliente,restaurante,cliente,restaurante,,,683d8d05c709d34c0311e43f,683d8d05c709d34c0311e497,683d8d05c709d34c0311e43f,683d8d05c709d34c0311e497,,,Sumptus claustrum atrocitas.,Charisma cursus timor aliqua toties undique acer degenero suffoco.,Debilito confido tener iste copia abduco sortitus tergeo asper baiulus.,Attollo molestias conforto dicta acies.,,,2025-05-20T00:44:47.238Z,2025-05-20T12:17:32.382Z,2025-05-20T17:35:54.037Z,2025-05-21T00:34:37.371Z,,,true,true,true,true,,,,,,,,,ativa,2025-05-21T00:34:37.371Z,,
683d8d07c709d34c031201cf,683d8d06c709d34c0311e9fa,683d8d05c709d34c0311e2ed,683d8d05c709d34c0311e49d,cliente,restaurante,cliente,restaurante,,,683d8d05c709d34c0311e2ed,683d8d05c709d34c0311e49d,683d8d05c709d34c0311e2ed,683d8d05c709d34c0311e49d,,,Titulus nostrum cupiditate crebro.,Nisi venustas demitto.,Illo contra vulgivagus candidus.,Antepono cito crastinus aestus.,,,2025-03-15T19:41:37.162Z,2025-03-16T04:01:14.726Z,2025-03-16T12:52:59.042Z,2025-03-16T16:42:22.863Z,,,true,false,false,true,,,,,,,,,ativa,2025-03-16T16:42:22.863Z,,
683d8d07c709d34c031201d0,683d8d06c709d34c0311edb0,683d8d05c709d34c0311e2ee,683d8d05c709d34c0311e47e,cliente,restaurante,cliente,restaurante,cliente,restaurante,683d8d05c709d34c0311e2ee,683d8d05c709d34c0311e47e,683d8d05c709d34c0311e2ee,683d8d05c709d34c0311e47e,683d8d05c709d34c0311e2ee,683d8d05c709d34c0311e47e,Ait varietas officia reprehenderit adamo taceo thema sonitus sono.,Creta peccatus vobis.,Amiculum avaritia in pel.,Ustulo credo abscido contra alveus tabgo textus solum.,Quos vobis colligo confugo cohors expedita depereo beneficium valeo adipisci.,Anser statim venustas.,2025-05-10T05:39:51.483Z,2025-05-10T11:48:54.540Z,2025-05-10T15:45:47.864Z,2025-05-10T22:37:56.154Z,2025-05-11T03:12:41.779Z,2025-05-11T12:40:11.924Z,true,true,true,true,true,true,,,,,,,ativa,2025-05-11T12:40:11.924Z,,
683d8d07c709d34c031201d6,683d8d06c709d34c0311eb73,683d8d05c709d34c0311e330,683d8d05c709d34c0311e47e,cliente,restaurante,cliente,,,,683d8d05c709d34c0311e330,683d8d05c709d34c0311e47e,683d8d05c709d34c0311e330,,,,Auctor coadunatio supra cubicularis calamitas cuppedia defendo capio degusto sursum.,Consectetur commodi strenuus coaegresco depereo thalassinus vapulus ulterius civis alienus.,Sequi strues textus crebro decipio cupio quia.,,,,2024-10-25T09:58:08.786Z,2024-10-25T11:55:58.691Z,2024-10-25T12:18:34.685Z,,,,true,true,false,,,,,,,,,,ativa,2024-10-25T12:18:34.685Z,,
683d8d07c709d34c031201d8,683d8d06c709d34c0311e996,683d8d05c709d34c0311e3c3,683d8d05c709d34c0311e487,cliente,restaurante,cliente,restaurante,cliente,,683d8d05c709d34c0311e3c3,683d8d05c709d34c0311e487,683d8d05c709d34c0311e3c3,683d8d05c709d34c0311e487,683d8d05c709d34c0311e3c3,,Acidus illum pecus adsidue victoria vilicus advoco varietas.,Peior benigne velum amo accommodo.,Spiritus sperno autem repellat benevolentia aequus.,Patruus baiulus suadeo tenus.,Textor dignissimos claro thema.,,2024-08-17T08:19:47.984Z,2024-08-17T15:06:01.694Z,2024-08-17T21:54:14.725Z,2024-08-18T00:57:51.704Z,2024-08-18T04:11:12.289Z,,false,true,true,false,true,,,,,,,,ativa,2024-08-18T04:11:12.289Z,,
683d8d07c709d34c031201da,683d8d06c709d34c0311ec16,683d8d05c709d34c0311e296,683d8d05c709d34c0311e497,cliente,restaurante,cliente,restaurante,,,683d8d05c709d34c0311e296,683d8d05c709d34c0311e497,683d8d05c709d34c0311e296,683d8d05c709d34c0311e497,,,Rerum animus thymum vix soleo abundans in aptus.,Ancilla demoror perspiciatis vester aqua.,Corpus abscido coerceo teneo vulgaris cattus ulterius suffoco laboriosam deorsum.,Subito crudelis commodo.,,,2024-06-28T23:30:02.242Z,2024-06-29T02:24:15.353Z,2024-06-29T12:21:13.569Z,2024-06-29T19:14:57.569Z,,,true,true,true,true,,,,,,,,,ativa,2024-06-29T19:14:57.569Z,,
683d8d07c709d34c031201e7,683d8d06c709d34c0311ec45,683d8d05c709d34c0311e41c,683d8d05c709d34c0311e483,cliente,restaurante,cliente,restaurante,cliente,restaurante,683d8d05c709d34c0311e41c,683d8d05c709d34c0311e483,683d8d05c709d34c0311e41c,683d8d05c709d34c0311e483,683d8d05c709d34c0311e41c,683d8d05c709d34c0311e483,Ascit conforto excepturi compello.,Vomer attollo ultio summa victus.,Allatus est peccatus.,Sumptus minus carmen cupiditate numquam solio adfero sodalitas tandem.,Defungo cavus vado adamo thymbra summa confido arguo.,Comes cenaculum succurro earum vigor tribuo blanditiis decumbo bestia combibo.,2025-01-30T13:04:39.787Z,2025-01-30T16:46:14.326Z,2025-01-31T02:22:42.292Z,2025-01-31T06:38:24.078Z,2025-01-31T09:07:12.690Z,2025-01-31T20:14:11.368Z,false,true,true,true,true,true,,,,,,,ativa,2025-01-31T20:14:11.368Z,,
683d8d07c709d34c031201e8,683d8d06c709d34c0311ecd9,683d8d05c709d34c0311e465,683d8d05c709d34c0311e491,cliente,restaurante,cliente,restaurante,cliente,,683d8d05c709d34c0311e465,683d8d05c709d34c0311e491,683d8d05c709d34c0311e465,683d8d05c709d34c0311e491,683d8d05c709d34c0311e465,,Inflammatio debeo adeo adulescens terminatio.,Sperno pectus eveniet commemoro aeternus ipsum deserunt certe commemoro adsum.,Ater rerum caelestis repudiandae ullus antiquus.,Asper teres audacia ulterius certus tunc facere.,Damnatio cenaculum cunae triduana ter aurum crustulum.,,2024-10-13T22:08:53.824Z,2024-10-14T00:54:25.148Z,2024-10-14T02:23:02.150Z,2024-10-14T13:42:58.613Z,2024-10-14T17:54:39.040Z,,true,true,true,true,false,,,,,,,,ativa,2024-10-14T17:54:39.040Z,,
683d8d07c709d34c031201f2,683d8d06c709d34c0311ea5f,683d8d05c709d34c0311e2ca,683d8d05c709d34c0311e492,cliente,restaurante,cliente,restaurante,cliente,,683d8d05c709d34c0311e2ca,683d8d05c709d34c0311e492,683d8d05c709d34c0311e2ca,683d8d05c709d34c0311e492,683d8d05c709d34c0311e2ca,,Sodalitas apostolus creber cauda crux surculus magni dolor.,In explicabo tenuis agnosco et adduco.,Sponte vito calamitas timor cariosus benigne decimus conor nobis.,Praesentium coniuratio aro tamquam vitiosus adipiscor ad aveho.,Demitto depereo odio uredo ullus agnosco copiose conduco benigne ocer.,,2025-04-18T02:44:21.816Z,2025-04-18T11:11:24.560Z,2025-04-18T18:31:21.838Z,2025-04-18T22:43:28.701Z,2025-04-18T23:21:41.174Z,,true,true,true,true,true,,,,,,,,ativa,2025-04-18T23:21:41.174Z,,
